Date,Open,High,Low,Close,Volume
2021-06-01,171.37243224171044,172.47299088314995,168.42451264803438,169.2106170654297,40247686
2021-06-02,165.4765996753088,167.00951892192145,163.98298253686687,164.29742431640625,100377464
2021-06-03,165.6731146841739,165.6731146841739,164.06157884184444,164.33673095703125,48454441
2021-06-04,164.69047252752407,164.84769340751643,163.51130969903846,164.10089111328125,31286264
2021-06-07,165.3980000900687,166.9702216072871,165.24077918405564,166.22341918945312,32643869
2021-06-08,166.81297435164862,168.42451018362948,166.0268699457557,167.9528350830078,22080199
2021-06-09,168.22797571039973,168.81755713249416,166.26269599869443,167.04881286621094,25846432
2021-06-10,168.80516869885594,170.98905097269972,167.83456859632935,169.2904815673828,31902690
2021-06-11,170.09933752276615,170.22065292956617,168.0367833482013,168.15811157226562,22249404
2021-06-14,168.19854431616434,168.60296744352516,165.97423634157573,167.6728057861328,18358717
2021-06-15,167.87500416572573,168.5625221727644,167.4301425887627,167.4705810546875,15426377
2021-06-16,167.47059618168782,169.33093240669035,167.47059618168782,168.11767578125,20878518
2021-06-17,167.3897291275854,168.23901394245323,165.81248773101163,166.33822631835938,22304032
2021-06-18,166.62131980179623,166.98530449810372,163.79038326088707,165.44850158691406,24475206
2021-06-21,164.27565838175786,166.6212944546946,163.70946859625408,165.3675994873047,19809308
2021-06-22,166.70218729223774,166.82351550813178,165.2867128022464,165.89334106445312,18737552
2021-06-23,166.3382191436879,166.49999865910252,164.68010087470273,164.96319580078125,13059519
2021-06-24,165.3676315124879,165.52939822292205,163.83082853746475,164.3970184326172,23299321
2021-06-25,165.003635746397,166.29778216043277,164.80143057621777,165.85292053222656,14411660
2021-06-28,166.5404357262528,166.5404357262528,164.4778815033724,164.6800994873047,15190488
2021-06-29,164.68008013134656,166.05510330105315,164.31609549340877,164.4374237060547,13839294
2021-06-30,165.24631025166397,165.32718720166264,163.8308354540248,163.95216369628906,16556397
2021-07-01,164.11388625535668,164.84184269580436,163.5072580245274,164.19476318359375,10583793
2021-07-02,164.43741381227412,164.760947148355,163.58812919211502,163.70945739746094,13187847
2021-07-05,164.19478390936425,165.08451995312015,163.95214027676212,164.7205352783203,10642939
2021-07-06,164.39700306760673,164.84186468403908,163.58815677376725,163.79037475585938,11515716
2021-07-07,163.79037068559862,165.97424024397768,163.6286039943036,164.80142211914062,18568033
2021-07-08,164.59919709314508,165.40804333224568,163.22417386739042,163.3859405517578,21730892
2021-07-09,163.38593503521065,163.66902992761112,162.4962118925987,162.8601837158203,12289809
2021-07-12,163.38593068749952,163.8307922469677,162.53664603289766,162.65797424316406,13589278
2021-07-13,163.3859461416643,163.5477128315662,162.8601947865351,163.26461791992188,11247522
2021-07-14,163.2646207099089,165.93380318206343,163.14329248609312,165.0845184326172,21269167
2021-07-15,165.32715259403025,168.64340164691495,164.11389605988904,166.82351684570312,29963443
2021-07-16,167.99634487926798,169.57358615757553,167.59192173814168,168.15811157226562,30137464
2021-07-19,167.2683939188027,169.45226357284628,166.9044092344964,168.0367889404297,17099088
2021-07-20,168.40076649883682,169.29048971091714,166.94485345774822,167.2683868408203,24567907
2021-07-22,167.43016052246094,168.4412119997201,166.49999880297898,167.43016052246094,19016769
2021-07-23,167.43014322568192,172.76849498680951,167.02572011310522,171.79788208007812,46241640
2021-07-26,173.09206334310255,174.1840046860855,170.5037702800658,170.786865234375,49084040
2021-07-27,171.47436093863482,172.28320722143818,168.1985501557249,168.76473999023438,25378089
2021-07-28,168.4816587610536,169.8566949900795,167.79414064654068,169.1287384033203,15304399
2021-07-29,169.12873838185953,170.01846167475614,166.33822745191566,166.66177368164062,16204679
2021-07-30,166.70219290762893,167.51103916265964,165.4889363423467,165.7720184326172,15515733
2021-08-02,166.98528775134582,167.83457247362435,166.1764414966242,167.6728057861328,10046707
2021-08-03,167.8345742656265,170.58463361687345,166.98528953427999,169.77578735351562,19179805
2021-08-04,170.5846404253817,170.74640712105705,168.31988105139817,168.72430419921875,11421835
2021-08-05,168.72429788427505,175.3163577769582,167.34926179660232,174.10308837890625,48995450
2021-08-06,174.22442747476245,174.7097275739151,171.95966804418703,173.2942657470703,24489836
2021-08-09,173.90089561694802,175.63990367590895,172.04055932780713,172.93028259277344,21142199
2021-08-10,173.09203925557318,173.45602392500396,168.68386165736254,169.7353515625,18855165
2021-08-11,169.7353529661455,170.34198126961587,167.7941270143232,168.76473999023438,16012451
2021-08-12,170.05887779071102,173.25379865758592,168.52208787492475,168.96694946289062,28758718
2021-08-13,169.7353489080718,171.71701328147688,169.209597555093,171.0294952392578,19576945
2021-08-16,170.9890636509341,172.48541519955947,170.26110711143198,170.5846405029297,11621038
2021-08-17,170.50375641160647,171.06994627417205,168.88607658310409,169.20960998535156,8161139
2021-08-18,169.53312127840513,171.0699110311106,168.5220699917253,169.0073699951172,11149120
2021-08-20,167.43014672984066,170.42286244482696,167.18749029376337,168.96694946289062,20168965
2021-08-23,169.45227615511328,170.01846605012096,166.62132668007482,166.86398315429688,10319044
2021-08-24,167.43014930994136,167.43014930994136,165.56981317829633,166.41909790039062,12971124
2021-08-25,166.94483947753906,168.15809597109157,166.621293304297,166.94483947753906,10994627
2021-08-26,166.94488117834555,167.30885309042182,165.28674988456203,165.4889678955078,15407558
2021-08-27,165.81246405446632,167.30881547617807,165.73157430482033,166.54042053222656,10879860
2021-08-30,166.6213058766031,168.4007651032814,166.6213058766031,168.23899841308594,12550267
2021-08-31,168.27944139108536,171.15082905785013,167.63236179569816,170.90817260742188,26802390
2021-09-01,170.66551183591744,171.71701454964062,169.29048855858852,169.45225524902344,16867486
2021-09-02,169.0478364128075,171.06993932055775,169.0478364128075,169.6544647216797,14872714
2021-09-03,169.65446192701546,170.86773134203847,169.65446192701546,170.34197998046875,10622796
2021-09-06,170.66550478792726,170.8272842889453,169.08827641700566,169.2904815673828,11041632
2021-09-07,170.58465290065942,173.37515103534764,169.9780245431966,171.2721710205078,38933378
2021-09-08,171.67657030173794,172.2832114373175,169.61402889256135,170.86773681640625,17897021
2021-09-09,170.70597563470437,173.0111735725918,170.30155247033966,172.0001220703125,19784972
2021-09-13,172.566296894693,174.0222099056848,171.31258903962518,173.21336364746094,16661794
2021-09-14,173.81999069817195,175.72077810977382,173.25380088488862,174.7906036376953,20377545
2021-09-15,175.5994528163351,175.6803297525725,174.14353979142086,174.709716796875,21028598
2021-09-16,175.4781034181001,188.9857549624744,174.952352126948,186.64010620117188,154986538
2021-09-17,188.46002026746768,191.93803602656968,185.3055378772906,186.9636688232422,82563658
2021-09-20,186.84235751517153,193.5961844933477,186.23571637195556,189.06666564941406,73101936
2021-09-21,190.03727602387522,196.10358483372562,187.4085447697263,195.33518981933594,58854434
2021-09-22,196.95286560058594,198.81320180251942,194.6881062560992,196.95286560058594,54648494
2021-09-23,198.16611527590777,198.65142815689327,195.4969456995431,196.14401245117188,22630330
2021-09-24,197.3572925877382,197.3572925877382,192.26158396337655,192.86822509765625,25779310
2021-09-27,193.96014250164095,195.6182734791667,190.48212667631043,193.07041931152344,23772123
2021-09-28,194.00060456390528,195.4160792736374,191.12921667195312,192.3020477294922,16319138
2021-09-29,190.88655925498452,195.25429848668824,190.6439028030239,192.5851287841797,16045073
2021-09-30,194.04104319524453,194.44545352827274,190.27993225032407,191.0078887939453,16987893
2021-10-01,190.23946585020707,191.6953788217889,188.3791297604606,190.3607940673828,16570661
2021-10-04,190.8865718296164,192.78734664914907,190.40125889372527,191.3718719482422,11098123
2021-10-05,191.21008859922316,192.05937334584604,189.67328579810587,189.83505249023438,9578825
2021-10-06,189.91592781117149,191.21007406710774,186.51878908286508,187.04454040527344,18179336
2021-10-07,188.46003991144445,190.03728127093544,187.89385004817768,188.4196014404297,10770973
2021-10-08,189.8754878376604,189.91592630298197,187.00410045456505,187.4085235595703,10114327
2021-10-11,187.65118712315402,193.71749589152083,187.40854348815924,192.544677734375,22000303
2021-10-12,192.9895313509064,196.54843696168246,192.5042312837722,195.17340087890625,30347455
2021-10-13,196.184472267883,202.9382862550941,194.2432462940476,201.56326293945312,52091422
2021-10-14,204.83907010131895,211.79510194592942,202.4934210233864,207.50823974609375,88696178
2021-10-18,211.10757451930024,214.58559028719347,208.15531009018667,212.3612823486328,62614961
2021-10-19,211.4311296377429,212.36130419301446,198.20658322948827,198.93453979492188,61336411
2021-10-20,198.9345275699933,200.997068909097,196.02268866993225,199.46026611328125,49663940
2021-10-21,200.59261589452643,200.8757107669256,196.62930049820045,197.92344665527344,23385990
2021-10-22,197.92349404464966,198.8132173374296,189.02623548231955,191.3718719482422,36905793
2021-10-25,189.34977449182563,191.41231607853462,186.43794805946806,188.78358459472656,23194065
2021-10-26,189.3497358235436,193.31306429386115,188.1364793302498,191.45272827148438,19663381
2021-10-27,194.32413818539825,195.17341013886056,191.04832732934642,192.86822509765625,26909428
2021-10-28,190.15861802064373,190.8461361450217,181.3017978011801,182.07020568847656,48064941
2021-10-29,181.9892992918077,184.61803049604393,179.80542969979925,180.53338623046875,27668175
2021-11-01,181.3018021530368,184.05186189929373,179.96721716233836,183.4856719970703,24090945
2021-11-02,184.4158354413644,185.42688694589356,181.58488610177676,182.474609375,14896284
2021-11-03,182.79816096655958,183.48566626871073,179.32013189694177,179.92677307128906,18530527
2021-11-04,181.8679753193817,183.8496397948067,181.1804572417679,183.24301147460938,7295341
2021-11-08,185.79084486525838,186.59969113502424,182.5554854207232,185.87173461914062,21051238
2021-11-09,185.91216886488692,186.7614535836723,184.29448917936116,185.02244567871094,11964518
2021-11-10,183.97096412464316,188.3387033182455,183.76874614401848,186.7210235595703,13948380
2021-11-11,186.3570264086145,187.2467623927212,184.86067497503865,186.0334930419922,8448263
2021-11-12,187.00409672417396,189.22840453143732,185.34596587190796,188.37911987304688,12312123
2021-11-15,189.22842819536126,193.31308532279698,188.5409101263159,192.5851287841797,40247848
2021-11-16,193.35352229897137,193.83882238187977,190.07771149186257,190.4416961669922,15241184
2021-11-17,190.88654729974874,198.36833019972576,190.60345239594648,193.7174835205078,48496295
2021-11-18,194.12192599327057,196.548452150992,191.1292099715053,192.09982299804688,21005037
2021-11-22,192.4233605547651,194.72855853177043,185.66954614605237,186.761474609375,23443628
2021-11-23,185.34598754292787,188.2173752044726,185.34598754292787,187.32765197753906,13950744
2021-11-24,188.0151882726433,188.2173934557306,183.56655888933184,184.17318725585938,14684422
2021-11-25,183.60699053665914,187.8129632900906,182.59593902427855,187.0850067138672,24825493
2021-11-26,185.14377924150222,186.07394092191376,180.45249391909408,181.18045043945312,28067913
2021-11-29,179.56279416187505,180.89737915398047,178.10688093098446,179.1583709716797,22985358
2021-11-30,179.562746842262,182.1510391967086,177.94506732504848,178.87522888183594,24408641
2021-12-01,179.56278001748063,180.61426997534863,178.43040030103901,179.48190307617188,13496307
2021-12-02,179.48191406440273,182.91947907757154,178.99660111777888,182.35330200195312,16517389
2021-12-03,181.98931479408904,182.95992785674892,179.03704995079977,179.27969360351562,14325920
2021-12-06,179.27969081338267,179.72455245658142,175.9230028447865,176.2465362548828,13644352
2021-12-07,177.05538103463118,179.52234569505546,176.40830140288463,178.47085571289062,9246755
2021-12-08,178.75393164339854,182.5150423501689,178.75393164339854,181.9488525390625,10241656
2021-12-09,180.37162033709367,191.25052987628138,180.37162033709367,190.4012451171875,39714672
2021-12-10,191.0483122359532,193.27262016170295,189.06664792748114,190.96742248535156,36517117
2021-12-13,192.50420942666918,193.1108376460258,189.3901657686535,189.754150390625,22903720
2021-12-14,190.07769276481994,191.77626211354763,184.0518231137221,184.90110778808594,38953007
2021-12-15,186.0335178750809,187.81296444630047,180.6951653441569,181.22091674804688,35987634
2021-12-16,182.7981569192075,182.91947233412546,178.59217135076358,180.29074096679688,25131188
2021-12-17,180.20986264840266,180.25030111973342,175.31637183037014,176.28697204589844,30827201
2021-12-20,174.91192594792898,174.91192594792898,169.69490240230073,171.79788208007812,38778895
2021-12-21,173.09204078733163,174.2648589259914,170.70596604102772,171.8787841796875,20142586
2021-12-22,173.09204502324314,173.2538117204035,170.74640868852111,171.474365234375,17903428
2021-12-23,173.01115591709083,176.6913768575398,172.44496610821193,175.76121520996094,23065082
2021-12-24,176.327392578125,178.30904395212266,175.07368483016754,176.327392578125,17220191
2021-12-27,176.65097336384392,176.69141183898023,174.42666497235288,175.9634552001953,8467106
2021-12-28,176.32741641852766,178.43039628695365,176.32741641852766,177.98553466796875,12014352
2021-12-29,177.9450761630345,178.18773258871042,174.95236057632988,175.31634521484375,11923119
2021-12-30,175.19502968335578,176.2465195752907,174.30530648115976,174.709716796875,10116360
2021-12-31,175.43768197960213,176.97447190442713,174.83104088584093,176.3678436279297,7875890
2022-01-03,176.36786301976676,177.82377617034533,175.55901668399412,177.21714782714844,8064567
2022-01-04,177.5406648037648,179.32011119706465,177.17669295843712,178.1472930908203,9398805
2022-01-05,177.66201228523207,179.1583639311592,176.8531659366272,178.3899688720703,11663111
2022-01-06,177.13625937136308,178.26863912287925,176.48919255179115,176.89361572265625,9295303
2022-01-07,177.78331956910634,178.4708376026762,175.92298344035106,176.65093994140625,9196075
2022-01-10,177.86421349161938,181.74665280714103,177.05537997834304,180.61427307128906,16451394
2022-01-11,180.6546878566517,181.3826442801414,178.9156801329117,179.52230834960938,8329596
2022-01-12,179.96719791154985,180.89735961298143,179.2392413747403,180.16940307617188,13665682
2022-01-13,181.09956092389945,182.63636361225699,180.16938649082982,181.13999938964844,11944029
2022-01-14,181.13999344578227,181.82751142727145,179.80540876448885,180.04806518554688,10976796
2022-01-17,180.0480765566464,182.47458965142386,179.03702516140123,181.66575622558594,12792728
2022-01-18,181.6657870185023,183.84965686433296,178.18777065470542,178.55174255371094,14948456
2022-01-19,178.55174387679125,179.88632887847726,176.89362544753274,178.22821044921875,11915686
2022-01-20,178.3899492685671,179.68409559376028,176.327407968725,176.9340362548828,17997322
2022-01-21,176.73183669622463,178.34951644963698,174.70972098287874,175.5590057373047,17225050
2022-01-24,175.55900242754353,176.1251922531533,170.58463503655955,171.31259155273438,18023332
2022-01-25,171.47435019917373,173.65821964524955,169.49268590250244,173.33468627929688,19028606
2022-01-27,170.86771093863197,174.3052879781512,170.7463827298911,173.57733154296875,24041247
2022-01-28,173.98177274002418,177.33847344852575,173.98177274002418,176.00387573242188,15865353
2022-01-31,176.7318340162973,178.5517189048157,175.59945436090052,178.1068572998047,15618203
2022-02-01,178.75394020380048,185.06289254541718,177.25757585253209,184.21360778808594,44871108
2022-02-02,186.033498792934,188.70268119324072,185.22465253411045,187.7725067138672,42714702
2022-02-03,187.77249176540624,190.23945599598144,187.4893968790814,189.63282775878906,28918394
2022-02-04,191.89762340050382,192.9086749274891,187.28722741206983,189.51153564453125,58889867
2022-02-07,189.26888778453238,189.87551612377928,184.82025860127987,186.19528198242188,25101983
2022-02-08,186.27614547174554,187.89382508735005,185.26509410983482,187.04454040527344,16825239
2022-02-09,187.8938234888293,188.46001327206346,185.0224361073598,186.15481567382812,12351873
2022-02-10,184.98200604281706,188.78355520237838,184.21359826366677,187.8533935546875,20317032
2022-02-11,187.65118256677707,188.70268528952616,185.87173613945438,188.01516723632812,18793513
2022-02-14,187.18872800755483,187.18872800755483,180.97671417850117,181.76356506347656,23621214
2022-02-15,183.04736895153604,185.11804004119819,181.01810760863412,184.7039031982422,13371177
2022-02-16,185.3665249256362,186.11196604630967,183.7514003099906,184.49684143066406,11664158
2022-02-17,184.74530567612612,185.8220509253525,182.92311938895574,184.41400146484375,14564261
2022-02-18,184.4140148847481,185.0766233555312,183.46149880159953,183.79281616210938,9004891
2022-02-21,182.46758001283092,183.29584057369956,179.85852971457953,180.56256103515625,16750193
2022-02-22,178.07774883215708,179.6514635477479,176.42121462502428,177.95350646972656,26741024
2022-02-23,179.56864010430834,180.14842907519085,178.11916767710213,178.86460876464844,11438476
2022-02-24,173.93641077204484,176.669690308222,171.45160284135426,172.69400024414062,42933709
2022-02-25,175.17880751398374,179.32014967447256,174.39195670352854,177.20806884765625,24543858
2022-02-28,176.58688567829964,179.27875569432666,174.59903391638014,178.78179931640625,20806226
2022-03-02,177.58079393328015,179.40299352304177,175.96568246469477,178.3262481689453,20039140
2022-03-03,178.9474350635634,182.3847458944181,178.90601219202222,181.72213745117188,29631546
2022-03-04,180.31406891478716,188.34826821410726,179.73427998338082,186.77456665039062,69409780
2022-03-07,183.87563253568553,188.01697478310345,182.3019308817423,186.31903076171875,47001716
2022-03-08,185.449335254525,189.21795015453642,185.32509289516338,187.93414306640625,37424203
2022-03-09,188.5967795711353,191.66137676637916,187.27154941576924,189.88059997558594,43923809
2022-03-10,191.33004939268798,192.57244677099996,188.72099914809172,192.15830993652344,37523806
2022-03-11,192.0754809138661,196.38247490344915,190.62600862768025,195.7612762451172,43305144
2022-03-14,195.67844607413804,198.32890596620504,194.89159530543964,197.95619201660156,36465969
2022-03-15,197.95620870367722,199.94404722773737,195.38856808391503,197.00369262695312,34269168
2022-03-16,198.78445416176746,201.2692619716211,198.0390131313231,200.93795776367188,22462538
2022-03-17,203.13288153866426,203.25712390430283,201.0207875730442,202.84298706054688,35541798
2022-03-21,203.67126625094775,205.20357140047943,201.931912348278,202.51168823242188,29052540
2022-03-22,202.55309775333154,207.68836587174258,201.7248240446749,206.86009216308594,38368305
2022-03-23,208.2681341368943,210.13174335097898,205.82474909799515,208.72369384765625,42051087
2022-03-24,208.68227061967937,212.45089878780126,208.2681337811327,211.08425903320312,39712133
2022-03-25,211.4569824651995,211.8297095741102,206.44595668226,209.84185791015625,30412482
2022-03-28,210.3802457540172,213.6933144961522,209.1792580068653,212.90646362304688,25876007
2022-03-29,212.90645871408157,213.27917270454668,210.1731659084905,210.877197265625,18820674
2022-03-30,211.29133990885595,212.3680852859041,205.94900964854295,206.40455627441406,18281803
2022-03-31,206.73583114825212,210.6701112218512,206.65301165992707,207.6055145263672,26644916
2022-04-01,207.06715283392606,211.4983895869442,206.07324013940996,209.80044555664062,14856664
2022-04-04,209.63479376468163,213.6104839242411,207.97825947947808,211.5812225341797,16520039
2022-04-05,212.0781749393493,216.8821387147566,211.29132412165794,214.894287109375,28230046
2022-04-06,213.2791573394101,218.12453074221398,213.11350523056862,215.01852416992188,20352716
2022-04-07,213.69330460668098,217.17203843753802,211.87111819534724,212.5751495361328,16679649
2022-04-08,213.69330296766637,222.6800188366679,212.03676868596685,221.8103485107422,39283623
2022-04-11,222.597210005953,226.241582975269,220.3194769001305,221.56187438964844,47924937
2022-04-12,221.06488255674,222.51436802324886,217.91746627623107,219.3255157470703,24460888
2022-04-13,219.73966779283754,224.1294817413057,218.3730279727989,223.2598114013672,22239115
2022-04-18,221.97599558341022,225.70321425933957,221.35480997091346,223.71536254882812,25339139
2022-04-19,225.28905001348414,225.7031999791827,214.35591879788058,216.63365173339844,24280577
2022-04-20,217.7518141373594,219.86389490586643,213.32057762296705,214.97711181640625,25454589
2022-04-21,215.10136338246824,219.03563061960256,215.01853076294887,215.68115234375,24313956
2022-04-22,215.34981904618616,217.83462682125767,214.14883146534362,216.26092529296875,16274820
2022-04-25,214.3559432193705,214.52159534945193,209.13784205876786,211.41558837890625,25140992
2022-04-26,212.53372171411456,215.92962284487297,212.24382723496012,214.48016357421875,21327644
2022-04-27,212.20241426473058,214.1074332237923,211.82970029726076,213.27915954589844,17219401
2022-04-28,214.9356953546051,218.41441573961157,213.81752726203194,216.26092529296875,28999835
2022-04-29,217.83463362821678,217.83463362821678,214.10742841169926,214.97711181640625,21206335
2022-05-02,213.6932931251151,219.07704569906468,212.90644233070114,217.95887756347656,19696250
2022-05-04,218.66290455066658,220.36084846828265,214.19025834682608,215.14276123046875,26951488
2022-05-05,217.00638078044832,219.6568408338776,215.68115075373368,217.04779052734375,18623544
2022-05-06,214.52156323221985,221.43760753455692,214.4387306170208,220.85781860351562,35818441
2022-05-09,220.44368584152102,220.44368584152102,215.80537458384893,217.793212890625,22228031
2022-05-10,217.0063703779609,220.98206026752487,214.60438204616457,215.14276123046875,18727774
2022-05-11,214.521558928757,217.17201881031335,208.5166078884865,211.74685668945312,18012072
2022-05-12,211.20851593683787,212.36809398660628,206.36315497904764,209.4691619873047,20816708
2022-05-13,211.167104872421,216.05388867669637,210.79439085880915,214.19029235839844,12380764
2022-05-16,215.30840095896787,215.30840095896787,209.55193486774036,210.46302795410156,8502159
2022-05-17,211.2084934350081,219.9053147566057,211.04284132056372,219.24270629882812,18483427
2022-05-18,220.3194624718665,221.81034461170077,217.95888377115804,220.98207092285156,20978307
2022-05-19,217.5033529969788,231.29402035588168,217.5033529969788,228.312255859375,81302807
2022-05-20,229.4303859332312,233.8616355693769,229.4303859332312,231.9152069091797,33617466
2022-05-23,231.91521817081468,232.2879452728415,226.1587514014878,227.35972595214844,22535903
2022-05-24,227.77385850118154,227.77385850118154,223.63251657389583,224.3365478515625,16146766
2022-05-25,226.075908281183,226.8627590252989,224.04663399348055,225.8688201904297,15877459
2022-05-26,227.60031278292823,227.60031278292823,223.86708295127815,226.28521728515625,19129574
2022-05-27,228.23666758492703,229.67906159476308,224.88523928841508,228.4063720703125,13986762
2022-05-30,229.50937052196485,229.9336183150873,227.04883012682743,228.27911376953125,12274291
2022-05-31,228.27909888444083,232.90320322898515,226.0306690873399,229.63662719726562,24102167
2022-06-01,229.636627289742,232.56382124443414,229.2548123677556,230.65480041503906,15265925
2022-06-02,229.67906233252978,232.86079959901087,227.2609280270644,232.0547637939453,14789457
2022-06-03,233.32742640175724,233.92135169858554,230.44263870565823,231.37594604492188,12968807
2022-06-06,231.1214377765989,234.00619868348073,228.83057529708302,233.15773010253906,11345943
2022-06-07,231.80023962473277,233.32747256297054,230.99420375320045,232.3941650390625,11245578
2022-06-08,232.43655092355297,232.81836584770733,225.86096597650308,227.30335998535156,14915091
2022-06-09,227.21852353148398,230.52753246108173,225.47916682317526,229.80633544921875,10239939
2022-06-10,228.2791101189731,229.9336146380709,228.02456682522424,229.21241760253906,8693455
2022-06-13,226.03065067999432,228.32148624389362,223.14586291476857,224.54583740234375,11519902
2022-06-14,223.31554661539997,226.92151775852477,223.1882884344609,225.22459411621094,7708043
2022-06-15,225.6912702445092,226.79425519418118,223.1882973521104,223.48526000976562,5254329
2022-06-16,226.53971135162604,227.30334113661206,220.1762508162746,221.19439697265625,14843837
2022-06-17,219.75201523211237,224.12160282415454,219.37020034187188,223.40040588378906,17296080
2022-06-20,223.4004307530777,225.81856510352503,221.7459262681198,224.07920837402344,17738981
2022-06-21,224.84279752756837,229.8063103805141,224.0791811998177,229.00027465820312,14417711
2022-06-22,226.53973164755035,229.33968088641635,224.75796899168597,225.09735107421875,11756920
2022-06-23,225.2670440673828,226.75187094288194,222.63681273726155,225.2670440673828,9416459
2022-06-24,225.7761192378866,227.68516690124375,225.0125028615705,225.56399536132812,7283228
2022-06-27,226.53973619016412,229.63663472949503,226.11551530105876,229.04270935058594,8487729
2022-06-28,228.1518273357084,230.9941824933819,227.85485121074058,230.65480041503906,11673046
2022-06-29,228.44878447821705,233.32745916509273,228.36394567826173,232.52142333984375,16635367
2022-06-30,232.43655182931883,233.07291003872254,230.7820473751379,232.0547637939453,20003893
2022-07-01,232.05477470759297,241.81209740563946,230.10329403382167,241.26060485839844,36520000
2022-07-04,242.363548093442,248.85429345250898,241.6423511768495,247.66644287109375,41417701
2022-07-05,248.5997877519078,248.5997877519078,242.4484503928803,243.42416381835938,19283789
2022-07-06,242.74539616330816,246.05440510824712,242.06663199262042,245.46047973632812,18997440
2022-07-07,246.90290269023424,248.72708497393538,244.78174424064974,247.7089385986328,14326277
2022-07-08,248.51495552437626,249.83007796510742,246.3937972368151,248.64222717285156,11538313
2022-07-11,248.599785089008,251.95122689053898,247.79374927212905,250.29672241210938,12828405
2022-07-12,248.59977700906794,250.5936635092591,246.81800094480317,248.3452606201172,14616684
2022-07-13,248.59977540835277,250.12700818356478,248.34525902104085,249.4906768798828,9634877
2022-07-14,249.702829167895,251.44217266920435,245.33324054441957,246.775634765625,13930984
2022-07-15,247.7513260985963,249.44823641349046,245.6301680372782,249.06642150878906,11450042
2022-07-18,250.29674148315235,251.39975351623775,249.2361622979718,250.55128479003906,11751684
2022-07-19,250.29670322754595,250.80578976351006,248.3452496567952,249.9573211669922,9542292
2022-07-20,250.21191805304667,254.1148529211776,249.10890595218157,253.0118408203125,16397373
2022-07-21,253.6905423657506,256.40562565100157,252.84207379718472,254.15719604492188,16660697
2022-07-22,254.53903779989557,256.6601960000569,252.92696617265906,255.0056915283203,10351425
2022-07-25,253.69055976630978,257.04200143042607,253.52088217511817,255.4723358154297,11050533
2022-07-26,255.38748024513643,257.72074864777426,254.92082656460886,256.61773681640625,10114261
2022-07-27,256.95719900626653,258.78140834743044,255.04817773889448,258.0602111816406,9706094
2022-07-28,258.6965312216416,258.9510745236702,256.5753728917644,257.46624755859375,11256515
2022-07-29,258.7813046923199,259.5449344056158,255.68440678328196,257.1268005371094,17584873
2022-08-01,257.93289983265936,262.00553886116097,257.1692968212344,260.90252685546875,16501510
2022-08-02,263.0236340104721,268.66591081115354,261.496401394425,262.981201171875,40483892
2022-08-03,263.7873055875137,263.7873055875137,257.63594130941976,261.4540100097656,18376724
2022-08-04,261.3266795811867,263.320592618633,260.6055096047703,262.5993957519531,16514348
2022-08-05,262.5994247394317,264.5508782662489,262.26004268651855,263.7448425292969,10477269
2022-08-08,263.82967437547717,266.3750800407258,263.06607149908865,265.6962890625,8627072
2022-08-10,265.69631350505483,266.5023761852095,263.6600210538475,264.04180908203125,9267241
2022-08-11,265.56903501324547,265.9508499218457,259.03588317622376,259.8419189453125,11305242
2022-08-12,259.84194221670015,262.5145930357286,258.35714218174434,261.79339599609375,6669853
2022-08-16,261.79335828016326,264.2963311353098,261.79335828016326,263.49029541015625,8941455
2022-08-17,264.46602842563965,265.7811506321461,263.87210313529044,265.1872253417969,8283028
2022-08-18,265.569014303814,268.1144199390537,265.22963226383513,267.81744384765625,10264507
2022-08-19,268.2417000828232,268.2417000828232,264.04179006291065,264.7205810546875,10823811
2022-08-22,264.04181343600726,268.96292083324323,263.8721358407428,266.75689697265625,11793184
2022-08-23,265.52662905922335,268.11444084482474,264.80543208418464,268.02960205078125,9698555
2022-08-24,267.9023722150279,271.041676987135,265.6115092962724,266.5024108886719,11783894
2022-08-25,267.6477922857257,268.453828070298,264.38121630446545,265.0175476074219,8057930
2022-08-26,267.05388815326313,267.6053807043625,264.7206194098387,265.4842224121094,7224507
2022-08-29,263.02364614369816,267.22352930900115,262.0479059330763,266.03570556640625,11798961
2022-08-30,266.62963366461634,272.69615913543754,266.62963366461634,271.93255615234375,18516092
2022-09-01,271.0841140861003,273.12040683439596,268.1144868819956,269.4720153808594,13765474
2022-09-02,270.4052762609814,275.1142730153722,269.853783764817,274.1809387207031,26750910
2022-09-05,275.7506356276114,279.6535701667409,274.6900564666612,279.0172119140625,18144801
2022-09-06,279.9929673288179,279.9929673288179,276.9385013322403,277.5748596191406,12431779
2022-09-07,276.5991211521789,278.55057509526046,275.9627628608087,276.6839599609375,8397233
2022-09-08,279.14451210854463,280.50206755631865,277.87182236331944,279.90814208984375,11331350
2022-09-09,280.5020140890729,282.7928498157612,279.9929275319118,280.41717529296875,9770432
2022-09-12,281.68989933927645,282.02928145557956,279.9929618674894,280.756591796875,9048240
2022-09-13,281.4353033027904,284.2352254054314,280.5019959352434,283.7261657714844,10925371
2022-09-14,280.84137259577165,287.62906730038276,280.7989397561464,284.5321960449219,12739464
2022-09-15,285.4230721514989,285.9745915086481,282.45344561777057,283.47161865234375,8742900
2022-09-16,281.9868218751829,283.8958696274001,279.7383920388356,281.095947265625,12973988
2022-09-19,279.2293480137439,285.8473662510156,279.2293480137439,284.7443542480469,14918717
2022-09-20,287.4169782644429,288.1381752501277,284.23524109303435,285.0837097167969,9892945
2022-09-21,285.0837163697409,292.8895848660916,284.65949549309363,289.2835998535156,21800547
2022-09-22,289.32604838745686,295.9016336736952,289.2412095855803,292.7623291015625,25111230
2022-09-23,294.8410528474406,296.58042306271375,291.2775273960429,293.9077453613281,23718397
2022-09-26,292.59256552953735,293.5258728325434,281.47771667821144,282.19891357421875,16829922
2022-09-27,284.2352428302619,288.0957710584365,283.3867742013136,284.10797119140625,10375837
2022-09-28,281.64741725032246,282.7928350538754,275.1566715464111,275.70819091796875,16151900
2022-09-29,279.14440861526987,284.15035381820564,278.0838297390814,282.5806884765625,18985406
2022-09-30,282.5807551382411,284.87161788294566,280.12021479186643,281.85955810546875,12906555
2022-10-03,282.4534589234243,282.5383246071473,274.26580276287336,275.24151611328125,9462192
2022-10-04,278.8899523763931,283.38678519272355,278.2960270021202,282.41107177734375,9142294
2022-10-06,284.2352317883351,287.8836225498395,282.15650658489363,285.63519287109375,23091432
2022-10-07,285.7624541996013,285.80488703946384,281.0959174253611,283.47161865234375,10910698
2022-10-10,279.9929443291806,281.22322795270395,276.6415293341949,278.16876220703125,9750594
2022-10-11,279.14447354216315,280.3747571564123,275.8354645275837,276.8536376953125,11018577
2022-10-12,278.2535768254512,281.2232035118425,275.5384934107888,280.0777587890625,10735673
2022-10-13,279.95051554877637,281.09593338744793,278.29601116390967,278.8475036621094,7546587
2022-10-14,281.9444237301811,283.3019521043014,280.71414011214864,281.77471923828125,6672357
2022-10-17,280.9262068479893,284.02310494370334,279.65351747271103,281.9019470214844,7195922
2022-10-18,283.3443523696678,289.32601149959356,283.00497031516136,288.7320861816406,21691854
2022-10-19,291.10777932021693,294.79860275654,288.30785728106565,293.86529541015625,16923690
2022-10-20,294.416839815796,297.76828179838714,292.55022479370285,296.70770263671875,19186222
2022-10-21,299.6772868189587,299.6772868189587,292.2956659273252,293.2289733886719,28426343
2022-10-24,296.0713518936488,296.7077101628997,294.4168472838677,295.0107727050781,3292671
2022-10-25,296.4955573046579,296.5379901504789,291.5744765807541,293.8229064941406,17906260
2022-10-27,294.1198517779685,295.56224583319454,291.7441771396938,293.398681640625,19273344
2022-10-28,294.88348165083033,295.7743562788997,292.80475625848896,293.398681640625,13572499
2022-10-31,295.2652665727693,297.3864245947382,292.507750388103,295.85919189453125,14358449
2022-11-01,296.3258839331715,297.3864630814123,294.5865405837215,296.5379943847656,20422565
2022-11-02,295.6895056704918,302.2650905663757,295.6895056704918,300.9075622558594,17427813
2022-11-03,300.35607526789465,304.17414387918006,299.5076066130749,300.1015319824219,11149636
2022-11-04,300.3560410155152,302.0529512413714,299.0833247332908,300.0166320800781,8709851
2022-11-07,301.2044826045163,302.3499272582186,296.96216670558687,299.9317932128906,10437370
2022-11-09,299.93183994062133,306.67712972446185,299.6772966445866,306.040771484375,21404869
2022-11-10,304.5983844196486,305.3619873676679,300.44090693293117,302.052978515625,20071989
2022-11-11,305.4468473261695,306.25291006363074,300.90758149608496,302.3499755859375,11372654
2022-11-14,302.34998418138673,302.85904389971773,294.0774612429606,294.5865478515625,18319254
2022-11-15,296.07131112129144,296.07131112129144,287.75635636940854,292.9320068359375,16046491
2022-11-16,293.31379658565174,294.28953683980063,289.8775161651745,291.9562683105469,7897812
2022-11-17,291.9562949415301,294.7986502783493,290.68360534496315,291.6169128417969,10379179
2022-11-18,291.61689907183046,292.50777368027974,288.3078901428437,289.36846923828125,8140173
2022-11-21,287.7139355046524,288.4775383927463,283.7261628139261,286.1018371582031,9553090
2022-11-22,285.9322075693533,289.3260555210642,284.82919555668224,288.689697265625,6746019
2022-11-23,290.17450676225525,290.17450676225525,286.3564112400212,288.3078918457031,8067471
2022-11-24,288.30782545474636,290.5986607283425,286.39877813324097,289.1138610839844,8454385
2022-11-25,289.32601149959356,290.08964128993296,286.61092817327545,288.7320861816406,7200274
2022-11-28,288.47752565796935,289.96235230914453,287.41694671724343,288.51995849609375,10284123
2022-11-29,288.47756604814566,292.71988240502225,288.47756604814566,290.4290466308594,10582296
2022-11-30,289.5381486822823,291.99868897256374,287.62910092026095,288.4775695800781,23425220
2022-12-01,289.91997683377264,289.91997683377264,285.7624990342661,288.0957946777344,17270904
2022-12-02,287.92603235226,289.1563157515378,285.72003569142424,286.0594177246094,8711914
2022-12-05,286.48366517895465,287.5018382634382,283.5140384996567,285.7200622558594,10090597
2022-12-06,283.4716232240956,286.95030944094776,283.4716232240956,286.18670654296875,6571118
2022-12-07,287.2048533396896,289.75023219227813,285.6351878094423,288.5624084472656,10191144
2022-12-08,288.64725838334056,290.30176276848573,286.35639581534434,287.1200256347656,6439244
2022-12-09,288.26547452819443,290.5987432995631,286.7806744619426,289.6654357910156,8445424
2022-12-12,289.32601220366394,291.87141795405626,288.5624093017329,291.192626953125,11646572
2022-12-13,292.2956659273252,293.56835547550077,290.5138898037718,293.2289733886719,11105261
2022-12-14,293.56835170555905,294.7137695951809,291.65930396267674,293.05926513671875,7664099
2022-12-15,292.50774999690054,293.65316779795717,286.7806341013506,287.5018310546875,8469001
2022-12-16,286.3563912490704,287.5442419112723,281.09592895236676,284.3200988769531,12907968
2022-12-19,285.7624633303723,290.47143309493754,284.53220672797494,288.90179443359375,8113695
2022-12-20,288.5199585772735,289.2835614318732,285.720036626633,288.60479736328125,5693354
2022-12-21,289.32603162216475,289.5381420597002,283.81102579490107,284.3625183105469,7316532
2022-12-22,284.78670771460963,286.27150736334653,279.9080341997377,282.0716247558594,6838031
2022-12-23,280.75657603821094,281.6050447264805,276.04760574212514,277.1930236816406,10461859
2022-12-26,277.0233127651438,284.32012180287114,276.17487098681516,283.8958740234375,9934633
2022-12-27,284.74431354747776,285.4230776567746,280.12018263364325,282.66558837890625,6986433
2022-12-28,282.4110435107773,284.2352254054314,281.26559883129704,283.7261657714844,8035558
2022-12-29,283.683727484279,284.87157809112585,281.30802627058534,284.5321960449219,8417520
2022-12-30,284.57462036820016,285.7200650996448,280.4171698660711,281.30804443359375,7228324
2023-01-02,280.7565672983169,283.38678519272355,279.69598819356304,282.41107177734375,6181118
2023-01-03,281.2656516476997,282.8353174652673,280.2050724499425,280.92626953125,6228015
2023-01-04,281.56264673102515,282.11413934604013,276.5991325250701,277.4476013183594,6947412
2023-01-05,278.8474934311352,283.30191987610624,278.46567853549766,282.92010498046875,8486143
2023-01-06,283.980672832971,286.39880685343945,282.6231446665972,284.27764892578125,8603181
2023-01-09,285.8897516429116,289.58057544596466,285.21098748541885,286.82305908203125,11027747
2023-01-10,286.6957845799462,287.12003234184647,282.15651907046407,282.8777160644531,7217255
2023-01-11,284.3200905895782,284.3200905895782,281.09592075897007,281.5201416015625,4760847
2023-01-12,282.8777212922585,283.0473988879398,278.3808616526731,279.86566162109375,6894087
2023-01-13,279.8656805570768,281.9020000749129,276.93848637596466,278.932373046875,14967746
2023-01-16,280.2899303428153,281.85956922640884,277.91422870354097,280.16265869140625,8571826
2023-01-17,280.16260397892853,282.96252598259383,279.22929664437345,281.9019470214844,14240647
2023-01-18,283.38677405884465,285.55036502803495,282.02924576542426,283.93829345703125,13039078
2023-01-19,283.38677741846726,284.7867654617728,281.3928909074505,281.817138671875,8667564
2023-01-20,281.68987699729814,284.4049606026502,279.3566083263557,283.8958740234375,13608325
2023-01-23,285.08371202697504,286.90792092736035,282.58073897818645,286.5685119628906,7399204
2023-01-24,286.6109601175791,289.11393330008354,286.4412825165477,287.5867004394531,12776694
2023-01-25,287.54427141743565,289.32604759357434,284.44737280960385,287.84124755859375,12978859
2023-01-27,290.0048070805581,295.9864937498961,289.7502637894881,293.568359375,21850457
2023-01-30,294.33197749206926,298.44702215928777,290.0472283408259,292.5502014160156,14634225
2023-01-31,293.5683209952064,301.20448427764336,289.3684379124326,298.9560546875,17794183
2023-02-01,299.5075669564615,310.2830340861013,279.22929517549994,306.6346435546875,67003785
2023-02-02,306.8043851857387,326.4038952631198,305.78623894558626,321.228271484375,57892084
2023-02-03,324.02819995371976,324.3251491955415,315.6284059198903,322.9676208496094,23153980
2023-02-06,324.537269869911,329.3735114120182,322.0767028112403,325.3008728027344,26783409
2023-02-07,325.7251210184186,325.7251210184186,312.61638330032497,316.6889953613281,21438758
2023-02-08,317.96168133443524,320.12527243334034,315.24659769454775,318.6404724121094,10821785
2023-02-09,317.3253346313471,322.4161195709826,315.7556689949735,317.5374450683594,12318006
2023-02-10,315.7980707062556,319.8282492829872,314.18597238529725,315.0768737792969,10674456
2023-02-13,316.47684894022876,318.30103086856315,313.9314431624316,317.4949951171875,10282470
2023-02-14,318.1737832158408,328.9068449329148,317.1131773170906,327.888671875,30246745
2023-02-15,329.2090652796974,330.1576679226677,326.44948650079726,329.5971374511719,12679568
2023-02-16,329.42459402539896,332.2273005530684,328.5622206837356,329.8988952636719,10151755
2023-02-17,328.605395400252,331.6236888575602,327.05313409805785,330.6319580078125,7967611
2023-02-20,331.7530321247744,334.1676667878579,328.8209679393305,331.1924743652344,8105569
2023-02-21,332.01176213727604,332.7878791255196,329.1659269645161,329.6402282714844,8577674
2023-02-22,329.4246300412966,331.92549387387686,327.69991050035287,331.02001953125,9306194
2023-02-23,331.5374255660815,339.77303253424947,330.37320921112376,334.2538757324219,19555814
2023-02-24,335.46122933796937,335.46122933796937,328.5622689227143,332.0979919433594,13407431
2023-02-27,332.09800144908905,333.5640336540253,326.0614143293228,329.5971374511719,8455904
2023-02-28,329.8557887885896,331.36492161279324,323.3880298318101,324.8540344238281,16997837
2023-03-01,322.7413184505188,328.04488968755084,322.1807879557995,326.578857421875,8065784
2023-03-02,327.26870383245233,327.48429035456184,323.12934968272515,323.86236572265625,5212922
2023-03-03,325.1127958905374,332.3567000823072,324.3366789162476,331.9686279296875,8495772
2023-03-06,332.78784665393346,338.47948911314455,332.2273162542871,334.7281799316406,11126980
2023-03-08,334.5988694124469,339.0400669894196,332.09800538489117,338.3932800292969,9261146
2023-03-09,338.13455943528567,339.42810589779805,332.57227411624933,334.16766357421875,10005328
2023-03-10,333.6933416495122,336.4960209230753,330.71814943956224,334.59881591796875,8684320
2023-03-13,335.6337062815304,337.09973852595965,329.8558611180502,330.8475646972656,9130473
2023-03-14,332.61540586254597,333.26216543515204,325.2852727230352,327.4411926269531,10623744
2023-03-15,328.5622708095923,331.4081060043401,325.9751777208582,327.1824951171875,8748113
2023-03-16,328.21730135413816,329.72646164762585,324.9834215793122,328.9503173828125,16315136
2023-03-17,332.0117439736037,332.0117439736037,318.77438167994,323.86236572265625,50787703
2023-03-20,321.9220564154819,327.13937089653774,320.80096815341795,326.6650695800781,10512002
2023-03-21,326.6650611683009,326.6650611683009,322.5688077238388,325.0696716308594,12057999
2023-03-22,325.06963690778554,326.70815450911823,322.69813063987283,325.7595520019531,4958761
2023-03-23,325.11281653200797,330.0714436922185,322.8706672816555,328.2604675292969,10127917
2023-03-24,328.99349236982295,330.28703899738025,325.975198684888,326.578857421875,10317108
2023-03-27,325.9320117135164,331.4942967399921,324.5522361809951,327.8723449707031,11232922
2023-03-28,327.87238613118836,329.72649048309006,326.104538259108,327.48431396484375,9523719
2023-03-29,327.87239332381387,331.14940169325064,325.24217191247357,330.0714416503906,10551626
2023-03-31,329.4246541006751,331.5805741825232,327.6999344337672,330.71820068359375,9877493
2023-04-03,331.14937807779063,331.14937807779063,326.4063378288794,326.75128173828125,7331070
2023-04-05,326.75129823985384,333.77961615807664,326.75129823985384,333.2190856933594,12055499
2023-04-06,333.43467137499874,336.5822949482747,331.3218522485814,334.038330078125,13394394
2023-04-10,334.03831889161165,336.3235962389909,331.796142451687,335.0731506347656,7044256
2023-04-11,335.0731108118317,343.3087175327186,334.5988095695541,341.49774169921875,18939829
2023-04-12,343.00693122477713,343.0500594617437,338.1345610164522,339.3849792480469,10122932
2023-04-13,341.06657237712915,342.0151748719387,339.51431126462745,341.1528015136719,6292395
2023-04-17,338.82448631361916,346.6720224672601,338.82448631361916,345.07666015625,11466474
2023-04-18,344.9472909393255,346.67201058548744,342.3601704736565,343.6537170410156,9860308
2023-04-19,341.5408877821473,346.1114421725692,341.4977595466149,343.8692932128906,10119480
2023-04-20,344.94727888172514,347.2325562475899,342.9638171942822,345.20599365234375,6924577
2023-04-21,345.205993335354,352.7085850216558,344.1280333460661,352.0617980957031,14801099
2023-04-24,353.5709478133228,353.5709478133228,348.56919284238995,352.4498596191406,6212135
2023-04-25,352.44989067847706,356.6323734928454,351.3288023855,354.90765380859375,9180650
2023-04-26,355.295677641545,356.1580510981409,352.7517128413691,355.51129150390625,7914219
2023-04-27,355.4681397194586,359.95246499815124,354.43330803865933,358.7451477050781,13100076
2023-04-28,360.4698558768053,369.3091214497726,356.7616749731286,366.9807434082031,13208557
2023-05-02,367.3688708739612,368.2312170453855,363.22948899493935,366.0321960449219,10648421
2023-05-03,365.6441146856941,369.52478168344135,363.9624959641303,368.3605651855469,7607609
2023-05-04,366.7651882201884,368.2311930145085,365.6441000071677,366.1615295410156,8292456
2023-05-05,367.3256610720307,372.45674537507495,365.94588563935616,369.74029541015625,12890455
2023-05-08,371.6807112585425,373.7935031092116,370.25780727777135,372.0687561035156,7522610
2023-05-09,373.232921261212,373.53473691364513,363.4881539490621,365.4715881347656,10377820
2023-05-10,365.60094080056166,367.6706314296894,364.0918078959365,366.8082580566406,10130159
2023-05-11,368.4468107695465,368.5761681543761,361.2460347814821,362.5395812988281,16597954
2023-05-12,362.53957439894646,364.5230087103349,358.78826497218336,362.58270263671875,11564770
2023-05-15,362.194637373385,369.6972290385542,361.3753921567857,368.9211120605469,9503538
2023-05-16,370.8183244052902,370.8183244052902,365.2129378350131,365.6009826660156,8302077
2023-05-17,365.77343124633455,369.91278522840224,364.4367566000682,368.74859619140625,9844782
2023-05-18,370.81827624550255,372.9310677457083,360.5561070574364,361.9358825683594,24919291
2023-05-19,363.0138796934658,364.86798397388037,354.73514378539636,362.0652770996094,26759905
2023-05-22,363.8762587942892,367.15323968544413,361.4184957949731,366.2908935546875,16015615
2023-05-23,367.3688462448959,371.85314442709114,365.81658497706684,370.0852966308594,9068926
2023-05-24,369.3522833399385,374.91456886776746,368.231195120506,373.83660888671875,11921823
2023-05-25,376.81176382297446,381.5547766783347,374.9576595870935,380.4337158203125,18905572
2023-05-26,382.3739926667582,383.53820900402974,379.0107830185918,382.5464782714844,13496209
2023-05-29,383.7538549804455,389.61795648566954,382.977710635322,387.28955078125,20589822
2023-05-30,388.8465899847632,398.06075980006375,388.8465899847632,396.6940612792969,19627897
2023-05-31,396.16503767275884,398.5457429984964,390.1251223394694,392.8144226074219,14821960
2023-06-01,394.1370521106153,394.1370521106153,387.0831300712574,387.7003479003906,9142172
2023-06-02,387.9648430652818,392.28536752672613,387.7884831517181,390.9627380371094,9558309
2023-06-05,392.3735643160935,394.00478885145765,388.05303951544744,388.5379943847656,7427630
2023-06-06,388.67022845667185,391.13909958783097,388.3175365729127,390.4337158203125,6703067
2023-06-07,391.4917924087194,392.94665691202545,390.3896197900168,391.4477233886719,7833952
2023-06-08,392.99075223023965,393.03484919494707,389.6401374232792,390.5218811035156,7294955
2023-06-09,383.6884458318554,392.1090385407523,383.6884458318554,386.5981750488281,7329661
2023-06-12,387.9648125378486,388.8024591854651,382.5421158916441,385.2755126953125,9054977
2023-06-13,388.84658814272206,393.6079704879434,386.4658829976891,392.7262268066406,16732376
2023-06-14,393.4757087109002,394.79831026437284,391.2713634734976,391.93267822265625,9039402
2023-06-15,392.3735668602586,395.6800849756439,392.1531379082023,395.1069641113281,7787525
2023-06-16,395.9004842667059,401.71997024510654,394.9305745944466,399.515625,12181426
2023-06-19,400.9704885685225,401.9844952034513,398.76614332858287,399.95648193359375,4350517
2023-06-20,401.0145589993537,401.0145589993537,396.9144913699615,399.2951965332031,4644353
2023-06-21,398.5457127503798,400.48553208235376,392.4176318908195,394.18109130859375,6292873
2023-06-22,395.0187695039324,396.4736620636969,393.12304698565055,394.7101745605469,6892713
2023-06-23,394.57788085873347,394.71014380840734,390.34555030370274,392.1531066894531,6325479
2023-06-26,394.0487982260029,398.01663051605044,391.49176130713494,392.99072265625,5688287
2023-06-27,393.34344411970375,394.31335378452604,390.7423100436601,392.4617004394531,5052984
2023-06-28,392.37353678312763,397.31127906595464,391.9326789128087,396.2091064453125,12548096
2023-06-30,396.7822586020583,398.50164914384476,393.78433542362166,398.19305419921875,9456776
2023-07-03,398.19302545533765,410.84594822373344,396.8263269252858,408.46527099609375,11111199
2023-07-04,410.008300305656,412.6535313723766,405.42327783509205,411.1986389160156,8022597
2023-07-05,411.19867042880867,423.8075530512712,409.3911138921741,418.91387939453125,16878943
2023-07-06,420.89776591610007,420.94186288148336,414.85787890084566,417.85577392578125,9835812
2023-07-07,417.0622242218856,419.26656948415007,412.30081386393067,413.0062255859375,7605499
2023-07-10,414.41702254158486,415.210600305827,408.86206202643064,410.7578125,6772454
2023-07-11,410.89004764135507,418.4288961670022,410.89004764135507,417.1944885253906,8783282
2023-07-12,421.25045876818416,421.25045876818416,414.8137828842925,416.44500732421875,12816220
2023-07-13,417.85580505615246,420.3687733733142,415.29876771516933,416.1805114746094,8214385
2023-07-14,417.06222347163595,418.8256829113683,415.607331009695,416.9740295410156,5277090
2023-07-17,418.3847943862308,419.5310359518704,414.94601379962614,416.4890441894531,6325310
2023-07-18,416.66540433515206,418.1202687465086,415.298705903163,416.6213073730469,5558415
2023-07-19,416.84176976869503,423.6311655117629,412.7417020883116,422.22039794921875,14401395
2023-07-20,423.1462420452844,435.3142389262866,419.9719868493442,433.9475402832031,21030102
2023-07-21,433.63891659093036,438.8411852298691,429.4065856524295,432.4485778808594,14510084
2023-07-24,435.0937776752237,440.60466916135977,412.7857975889099,415.60736083984375,40477929
2023-07-25,412.5653388861595,413.0943906903244,401.54361259835747,407.62762451171875,45211370
2023-07-26,409.92013658900305,417.06222418037964,407.4071684589522,416.4009094238281,18842179
2023-07-27,418.2966277556302,418.9579145167366,406.5694906208011,410.0523681640625,14528232
2023-07-28,412.38900615959966,413.9320366591287,408.59753344133156,413.05029296875,10362522
2023-07-31,413.5352478268591,414.15246561566977,408.68569944680746,410.6255187988281,8510403
2023-08-01,410.8900458794789,413.40298606230425,408.950226521892,409.83197021484375,6686176
2023-08-02,409.65560727477833,409.831967190005,403.8361213001244,405.6877746582031,10715605
2023-08-03,405.6877760875922,408.9061279792718,400.57370181098145,402.11676025390625,11026824
2023-08-04,402.33718661681957,406.83404307646845,400.52960228410603,401.1468200683594,7097614
2023-08-07,400.39736891347656,402.55761719475873,397.6198749005769,401.1027526855469,9513953
2023-08-08,402.95443547075286,402.95443547075286,397.7080699276576,398.8543395996094,6638681
2023-08-09,398.8542810514794,405.51141326452796,394.0488020621564,404.40924072265625,10134166
2023-08-10,404.62972812954496,404.9824200405429,395.90051251159446,398.3252868652344,13702317
2023-08-11,400.221068868466,400.221068868466,392.1531674132893,395.68011474609375,12028396
2023-08-14,395.6800848987645,397.88443030859304,392.4176637523631,396.0768737792969,7854074
2023-08-16,397.6639697776685,403.3070958142908,395.19509864354063,397.0026550292969,15494896
2023-08-17,396.7822253766388,396.7822253766388,387.9648444534809,388.8465881347656,16896158
2023-08-18,388.846587435329,390.9186697129564,386.64224220850457,389.4197082519531,20068497
2023-08-21,389.7283631048948,395.459655576108,389.1552142963807,394.8424377441406,9940689
2023-08-22,395.90051280887144,401.32321032733563,394.1370532525577,400.5296325683594,10234488
2023-08-23,401.72000041237055,401.7640694358814,395.54782208463297,397.1790466308594,8770272
2023-08-24,397.3113102607422,399.8683475880156,396.16504058513124,397.5758361816406,6322751
2023-08-25,397.57580331548115,397.66396930020994,389.7724010734439,390.9186706542969,9628041
2023-08-28,392.37350391352874,394.00472819777974,388.8465574118994,389.1992492675781,7176903
2023-08-29,390.5659771185241,391.4917898163721,387.25945928431116,388.0530090332031,9845106
2023-08-30,388.8465883709738,391.49179147159015,388.4057025576413,390.4337158203125,7648569
2023-08-31,390.610077118513,392.2853986232156,384.5260927633759,387.7003479003906,20666732
2023-09-01,387.96487326520196,392.3735640541868,386.46591169018393,388.89068603515625,11879159
2023-09-04,390.9186692245814,390.9186692245814,385.0110173173097,385.760498046875,14128562
2023-09-05,386.99493548632387,391.9326777545587,386.64224360214206,390.6982421875,8701612
2023-09-06,391.4477522723604,395.45965419370054,389.7283617425222,394.5338134765625,13358433
2023-09-07,395.7242128149629,395.9005448124251,392.02090553006826,393.16717529296875,8401953
2023-09-08,394.9305720324435,394.9305720324435,389.59606886962337,390.30145263671875,10322317
2023-09-11,393.25530927658383,395.1069627682871,390.3014830834986,394.3133850097656,9679540
2023-09-12,395.81231782358947,400.5737001941304,392.90258881017746,397.7962341308594,14961276
2023-09-13,398.722047063466,402.9544055806916,397.75213739177775,399.8683166503906,12268130
2023-09-14,401.98449378836676,401.98449378836676,394.2692854757375,396.7381286621094,14986708
2023-09-15,395.0628361608855,398.63387991662444,394.1370234569155,395.3273620605469,15657801
2023-09-18,395.3273618255969,400.309173116776,393.431611509047,398.58978271484375,8513132
2023-09-20,398.28115876113765,401.2790535323377,396.3854085827855,399.3833312988281,10343224
2023-09-21,399.25109722827455,399.91238403180046,391.93267775558206,394.577880859375,11132308
2023-09-22,394.5778808583447,395.3714585563873,389.94876145429686,390.6982421875,7795399
2023-09-25,390.6982711003939,392.1972047328813,386.51000925541774,390.25738525390625,6005673
2023-09-26,391.13909818042134,391.93267587465755,387.7003173950868,390.1250915527344,5533023
2023-09-27,390.12512348770593,396.60589674176185,386.90679931722025,396.03277587890625,10894817
2023-09-28,396.73812888894656,396.73812888894656,387.6121530360298,388.62615966796875,10610213
2023-09-29,389.7283007715926,392.90255541549135,387.25942983859534,391.8444519042969,8474326
2023-10-03,388.8466185022516,390.5219120661356,387.30355995328506,387.74444580078125,7770032
2023-10-04,387.7444138594502,389.46380424989917,382.05719089262857,384.52606201171875,13912656
2023-10-05,387.9648110542944,388.4056688845618,383.60021793321516,384.48193359375,10416552
2023-10-06,386.0691227430729,391.13912832743347,385.01104701405137,389.860595703125,8742804
2023-10-09,388.80252172122107,390.78643817379213,385.54010058344306,388.3616638183594,5827256
2023-10-10,388.3616023661947,392.2412407209948,388.3616023661947,391.8444519042969,5207891
2023-10-11,394.3133561268852,396.29727243302307,392.19717687068186,395.23919677734375,7946195
2023-10-12,396.4736318755676,398.986572034128,393.3875429524582,397.3994445800781,12227957
2023-10-13,396.649963614009,398.3693540169631,394.1370234569155,395.3273620605469,7926432
2023-10-16,395.0187401290674,397.66397118708454,393.431612672195,395.8564147949219,4377288
2023-10-17,396.60586687701203,400.7500593993467,395.9004831074062,399.82421875,7203352
2023-10-18,400.5295715935045,404.01244909738233,397.66393977142826,398.237060546875,7160492
2023-10-19,396.5617973938608,401.10275081576816,394.0047602733921,397.1349182128906,9830006
2023-10-20,392.37353324783265,395.90048001314057,385.6282346346906,386.46588134765625,13521824
2023-10-23,386.20135426141275,387.9207446466252,381.8808577610075,384.3497009277344,7555671
2023-10-25,385.2314438673201,386.2013535243227,376.5463259738046,381.52813720703125,11308597
2023-10-26,378.7506737448066,384.9669205734882,378.7506737448066,382.9830322265625,19525305
2023-10-27,382.98303128732067,385.1432795427069,381.0872809846565,382.4539794921875,13638258
2023-10-30,383.1593632352452,385.45187443929177,377.692597150259,379.54425048828125,7911426
2023-10-31,379.14748991313155,382.10131608131144,377.2958364370405,377.7366943359375,8952141
2023-11-01,379.1474920453739,380.11740178427897,375.17965915360094,377.4721984863281,8297973
2023-11-02,379.19158928384076,381.52816969661706,377.957153625291,380.1614990234375,8465990
2023-11-03,381.6163616270962,383.0271292609687,380.1174000574718,382.01312255859375,14334179
2023-11-06,382.233580025327,385.14330923317976,381.3959332483555,383.8647766113281,7589690
2023-11-07,383.4679844658809,383.4679844658809,381.04318237852993,381.52813720703125,5321353
2023-11-08,381.9248981600042,385.7604674883979,381.1754174898099,385.2755126953125,7248663
2023-11-09,386.02505327297996,386.2013852551894,382.5862722265829,383.0271301269531,8085620
2023-11-10,383.02713162242185,386.2013867630515,381.3518380606581,384.9228820800781,4236307
2023-11-13,386.5540787101486,386.5540787101486,383.55618349698085,384.43792724609375,3888975
2023-11-15,386.2895507903037,390.16918945183164,385.7604989928791,389.6842346191406,7722827
2023-11-16,389.684234611322,391.93267680548666,385.84866496975997,386.7745056152344,11276031
2023-11-17,387.30352783203125,389.28744411911,386.46588111956004,387.30352783203125,6911592
2023-11-20,387.83258008321394,388.2293689300651,383.11529472013177,385.1432800292969,4502356
2023-11-21,385.45190552470046,387.34765598014883,383.99704091567685,384.6583557128906,6228803
2023-11-22,385.31967052005297,388.31756572952384,383.379823096458,387.7003479003906,5074887
2023-11-23,388.8024892951886,389.94875886981583,386.42181210652865,388.2734375,6611803
2023-11-24,388.846556681456,389.9487292076974,385.1873472477157,386.0249938964844,7084608
2023-11-28,386.2013549620805,387.0830986385048,383.4679858934628,383.7765808105469,9082513
2023-11-29,384.43792646738143,386.64227186327514,382.8067019320691,385.4960021972656,14316126
2023-11-30,385.05514391737717,386.59817451504676,383.11532444207364,384.2615661621094,15710110
2023-12-01,386.11322083208256,397.6199027048791,385.672362929922,396.60589599609375,20081576
2023-12-04,401.1909182058432,402.4253537779579,397.66397140473475,400.353271484375,13293194
2023-12-05,401.1909470662568,403.659818388089,396.87042225305044,398.3252868652344,12603697
2023-12-06,400.2210107953583,409.56744362422006,398.6338833286502,408.46527099609375,21203900
2023-12-07,409.78787141814973,409.831968383296,403.3070986184266,403.92431640625,11746535
2023-12-08,405.55554132019086,407.01043387871886,395.45965501605065,396.03277587890625,19386851
2023-12-11,398.1048581006937,399.95651159293635,396.1650386168719,398.9425048828125,6854157
2023-12-12,400.4855346722593,405.5996089341438,398.8543102485301,399.515625,10549319
2023-12-13,402.3372174115911,404.5856318410862,399.51565417402054,401.7640686035156,11718443
2023-12-14,405.5996086730122,406.4813523594561,396.2972728624452,405.6877746582031,14924265
2023-12-15,407.2749333578038,408.2007740802865,401.1909489608763,404.01251220703125,16397959
2023-12-18,401.1908862919758,402.0726299083233,397.090791051139,398.237060546875,12490839
2023-12-19,399.73605345896135,403.83612107865207,398.58978387272845,402.16082763671875,10664235
2023-12-20,404.7178645413679,404.9382934765252,396.16500947644437,397.6639709472656,10766954
2023-12-21,395.900514625066,400.0887765009009,391.888612678095,398.060791015625,11584223
2023-12-22,399.4274621301031,401.98452740473215,397.267213682058,401.3673095703125,11450973
2023-12-26,402.1167295268179,404.6296695079279,400.92636306170425,402.46942138671875,6097422
2023-12-27,402.9544060361889,404.27700759500016,400.08874603806044,403.0425720214844,7833901
2023-12-28,403.1307402806648,409.74377605686726,402.16083060240936,409.2147521972656,21493169
2023-12-29,409.21478145632807,412.5653686044719,406.78997914247,407.4512939453125,13384631
2024-01-01,408.6856996614059,414.3729227144936,407.93621892139623,412.6976013183594,9706230
2024-01-02,414.4169630918411,415.60730162259864,408.77383739402643,414.7255859375,10924918
2024-01-03,414.6374529754397,423.85162356508897,413.84390315321025,420.80963134765625,24961710
2024-01-04,423.23440532205296,424.51293796394583,418.12033064417545,420.0601501464844,12240910
2024-01-05,422.7053820832455,422.7053820832455,416.18051179222624,417.89990234375,9564086
2024-01-08,418.82568345798387,419.26656927712605,409.6115135595052,410.4491882324219,8311403
2024-01-09,412.2126453306293,414.37292155899934,408.8179614722768,409.61151123046875,5916180
2024-01-10,409.61151100261424,411.55135829400996,405.64370632417234,408.50933837890625,6123200
2024-01-11,409.21475080316065,411.3749990892165,406.5695197347844,407.93621826171875,6786448
2024-01-12,408.46527119962445,412.3890068755031,405.9082340544786,411.50726318359375,9714589
2024-01-15,414.4170217073618,414.8579075571134,410.97824062559533,412.30084228515625,7167978
2024-01-16,412.4771746656909,418.8256845634594,409.34701668229076,416.44500732421875,12531058
2024-01-17,415.6513976744829,420.58913963546746,410.18463189256636,411.4190673828125,11536527
2024-01-18,410.2287313504283,412.5212705423398,400.794132514801,410.4491882324219,9495938
2024-01-19,413.1384873419948,417.06222301526753,411.2427370084064,415.7395935058594,12673308
2024-01-23,417.72350799852904,417.72350799852904,402.42535422515556,404.9823913574219,8728196
2024-01-24,405.6877455200399,412.12444881840963,403.92428621865577,408.7738342285156,22459072
2024-01-25,408.7298246781795,409.9642323963227,398.63391042262094,401.7640686035156,20435547
2024-01-29,401.9845244825636,403.1748631742745,394.5779105233698,396.60589599609375,18557346
2024-01-30,394.13702107881414,400.0446450412793,385.6723320649476,386.2454528808594,45190319
2024-01-31,387.9648140440318,390.16915910204034,386.8185445537241,389.3315124511719,20648695
2024-02-01,389.72833135269406,394.7983086105753,387.3476262105403,390.5218811035156,19903526
2024-02-02,392.3735334944645,394.3133528193609,387.5239851822233,388.0530090332031,17816750
2024-02-05,389.7283306306448,391.18319512515933,384.92285133537746,386.2454528808594,12505666
2024-02-06,387.9648734146209,388.7584232256236,378.7066059872792,380.3819274902344,19487043
2024-02-07,383.5561516187938,383.5561516187938,379.8528449472176,380.7345886230469,13376903
2024-02-08,384.03849666697397,384.12800816758073,365.7765333782061,371.1029357910156,50039587
2024-02-09,367.1193526179454,379.7416101991612,365.7765665019824,371.9533996582031,33527317
2024-02-12,373.7885122385735,374.1913565530827,363.4937816638938,364.2099304199219,11326971
2024-02-13,364.25470380272145,367.74596448553467,361.0320059987887,364.12042236328125,16207766
2024-02-14,363.4490304322448,369.04399563612463,362.01670458696765,368.4173583984375,12618012
2024-02-15,369.7154093192213,371.10296536010526,360.8977455956946,361.56915283203125,21169031
2024-02-16,362.55381409855795,366.6269417755661,357.5407164214317,362.19573974609375,38963810
2024-02-19,362.5538636156247,369.49161543120795,362.1957892142552,366.3584289550781,17602580
2024-02-20,367.4326485808488,367.4326485808488,361.9271948494633,363.5385437011719,14626643
2024-02-21,364.3442216530248,367.1193336213837,359.24161197934507,361.0767822265625,20162369
2024-02-22,364.2546993925409,371.64006498707033,361.166283065441,371.013427734375,19321180
2024-02-23,372.31140817205267,372.31140817205267,367.47736198733287,368.2830505371094,11576964
2024-02-26,368.0145200385987,369.7601503452562,364.6127709260232,366.31365966796875,8289561
2024-02-27,367.0298119400418,369.49159101888046,365.73176749593637,368.05926513671875,8083518
2024-02-28,368.05928633283224,369.1335378991474,364.1652095188923,365.50799560546875,8949664
2024-02-29,366.1345972319124,367.9697389838581,362.10621099325186,363.7175598144531,15468800
2024-03-01,366.0451169501413,369.84968221119516,364.79184238551517,366.58221435546875,12873024
2024-03-04,369.044002904538,369.6706401545669,365.6422537799073,366.22412109375,7103794
2024-03-05,366.71646865030743,368.28307592576715,361.61385926389903,363.5832824707031,10108373
2024-03-06,363.89662847613386,366.98504483260456,358.7045074023188,365.1051330566406,11534613
2024-03-07,365.1051538103014,371.4610382604241,361.34533004465396,370.207763671875,23907135
2024-03-11,373.11715357829127,374.4599396612226,365.2394317224076,366.4927062988281,18298683
2024-03-12,363.896634790929,363.896634790929,357.49598065421884,362.0614929199219,36226074
2024-03-13,389.4096888737355,392.0952609994141,377.0112531117893,378.17498779296875,105525827
2024-03-14,377.72738966516533,380.9053175233625,374.1913590552437,375.6684265136719,31949569
2024-03-15,373.47519557546644,383.6356443794862,371.7295653076996,375.1760559082031,76074975
2024-03-18,375.08656109013026,376.60839849305466,373.2066493049854,373.6990051269531,16547358
2024-03-19,374.1913725840706,375.57892859039265,365.86606491745584,366.6269836425781,21803126
2024-03-20,367.02980631746095,372.9828459519357,366.62696200946334,372.1324157714844,20364534
2024-03-21,375.0865757394108,377.7721478966098,372.5800265946558,377.10076904296875,19968509
2024-03-22,377.1007730502114,384.6203921930658,377.1007730502114,383.6804504394531,40358503
2024-03-26,380.9500748588195,384.2175424825222,380.9500748588195,382.8299865722656,10669833
2024-03-27,382.2480799478754,383.94896861397046,381.75572415879077,383.1432800292969,12698464
2024-03-28,383.14333220080795,387.8430978040811,382.2481319974897,383.4566650390625,29009002
2024-04-01,384.127999416165,386.14219254747997,381.1290946866631,381.97955322265625,9743648
2024-04-02,383.76994910118805,383.76994910118805,380.0996653454435,381.2186584472656,9194659
2024-04-03,381.3529263895928,383.8594753883552,376.87695414075034,380.6367492675781,13152268
2024-04-04,380.9500915414978,382.561440456257,375.89225185348187,378.44354248046875,19065447
2024-04-05,378.21973637562843,386.4555320406198,375.9369803377719,382.740478515625,16768902
2024-04-08,383.4118724683771,386.18698442346965,382.9195166413107,384.1280212402344,8844633
2024-04-09,385.3365412299807,386.2764829149658,380.9500805003139,381.6662292480469,6967273
2024-04-10,383.4118639636001,391.9162226475416,381.1291078862097,391.1553039550781,14547618
2024-04-12,389.4096539174515,390.08106107425925,383.411844554351,385.023193359375,18785009
2024-04-15,383.14330901862525,384.1727906087181,378.5778251406515,381.2633972167969,9083087
2024-04-16,378.8911295886313,382.24810886947125,378.8463880225293,381.2633972167969,10357752
2024-04-18,381.35292440864043,382.1585846561629,373.87804738734405,374.9522705078125,22133191
2024-04-19,374.19133793331616,381.5767031798926,372.40096613233504,380.2339172363281,17221280
2024-04-22,382.24809683901475,382.7852225858655,378.9806575358475,380.7262878417969,7386048
2024-04-23,380.7262990993228,385.3812944719523,380.5472477213064,384.2175598144531,12484384
2024-04-24,384.26227903854186,385.64983493071486,383.41184887787193,383.948974609375,6070285
2024-04-25,385.82888534668166,392.3637921214862,384.03848516029745,391.6924133300781,30337038
2024-04-26,393.2142434359195,396.83978556705586,390.662952822937,393.8856506347656,15342965
2024-04-29,395.67607187860125,396.078887847932,389.05162452721305,392.2743225097656,12075706
2024-04-30,393.84085089564684,394.3332066804385,389.4991603284896,389.99151611328125,12528665
2024-05-02,390.3048759623476,396.2131457894124,389.27539438775926,392.9904479980469,24123523
2024-05-03,393.93039811859694,393.93039811859694,386.14218854115893,390.7076721191406,23786388
2024-05-06,392.0952475427761,394.2884921290817,387.93260805370363,389.1858825683594,10753860
2024-05-07,391.1104975273433,399.2567810732374,389.5886602844062,394.19891357421875,26969062
2024-05-08,395.004615680531,398.0930318333694,392.27427388455504,394.78082275390625,10916481
2024-05-09,393.930416513751,395.22843258972705,378.9806622581897,380.5472412109375,24314298
2024-05-10,381.800495873466,390.6181585553969,381.800495873466,387.9325866699219,14524604
2024-05-13,387.8430593472191,389.8125109477641,384.48608019612794,386.5898132324219,7584217
2024-05-14,385.38127935657843,387.88782832259807,383.6356490674802,384.6651306152344,11423749
2024-05-15,385.6050659023784,387.84305196048183,382.02429388367585,382.9642639160156,7856433
2024-05-16,384.9337038883544,387.2612015462776,378.5778198017074,386.2317199707031,23911954
2024-05-17,387.08216474486596,391.64764839572535,383.9489785643487,390.57342529296875,11894830
2024-05-21,390.30487284063116,391.28958447059944,387.7983238293244,389.2306213378906,11175153
2024-05-22,391.51338645338825,395.63128444260855,389.7677560924288,393.796142578125,11036895
2024-05-23,395.13894718561795,398.27213366936695,390.79725604789365,395.09417724609375,27244733
2024-05-24,394.78083588666976,396.0788519270615,389.67822648183704,390.48388671875,13252938
2024-05-27,392.81142470930064,392.90093621140824,385.56034049832,386.2764892578125,12282545
2024-05-28,386.81362516359485,387.17169955273744,383.3671059718784,384.03851318359375,9668761
2024-05-29,380.905302219086,387.08216305407205,380.905302219086,385.78411865234375,10832067
2024-05-30,383.59092107640083,385.78413731361627,378.0854671434653,379.4282531738281,21314885
2024-05-31,382.02430017549347,384.53084914126174,379.7863140805311,381.7557373046875,29300711
2024-06-03,388.514477016602,389.3201656528504,383.725200249957,385.24700927734375,16116836
2024-06-04,388.3822180405629,388.6557312027862,367.2764561221505,378.535888671875,47791986
2024-06-05,384.7354289238378,397.499184347516,381.13424920337036,392.3025207519531,28197030
2024-06-06,397.4991442097778,399.04900387392235,393.0318302625804,396.9521179199219,32318523
2024-06-07,393.30540065100246,402.6502707286166,393.0318874662661,400.37103271484375,29543660
2024-06-10,401.14593572253284,402.05763661284067,397.36240447731143,398.3196716308594,11872688
2024-06-11,398.4108722591482,399.1402214325666,394.0803145887873,394.7640686035156,13158571
2024-06-12,392.5303996702627,396.04041761505835,392.2112913693166,394.1258544921875,10751658
2024-06-13,398.3196949708831,398.3196949708831,391.8010895670423,392.3025207519531,9641349
2024-06-14,392.9406665240471,393.7611770597148,391.1628599867876,393.0774230957031,9572809
2024-06-18,394.7640665251691,395.8581191738071,390.38794261342787,390.8893737792969,14641141
2024-06-19,392.0290022211883,392.71275624893684,385.6927197561344,386.23974609375,11329972
2024-06-20,386.6044066765355,388.8380493170652,384.2795737201941,385.9206237792969,15147549
2024-06-21,387.47051347196447,387.74402663160475,381.5900672225091,382.54736328125,26176371
2024-06-24,382.9120368199867,386.5132163607238,382.9120368199867,385.9206237792969,9723008
2024-06-25,385.64711062040146,386.5588115186297,382.68411881899715,385.9206237792969,10655609
2024-06-26,385.6471083760463,388.74688563312844,384.7810026407644,386.5132141113281,11511714
2024-06-27,386.51322519909763,389.5218411214756,383.9149079187151,388.0175476074219,38438054
2024-06-28,387.9263614555754,390.2055993306075,386.1029884921122,387.3793640136719,18554411
2024-07-01,388.6557165788598,392.25689602791135,387.1513942432347,391.1628723144531,13391362
2024-07-02,392.0290008128207,392.6215934135948,385.2368534593977,387.9263610839844,11177863
2024-07-03,388.4733708395652,391.70987576739714,387.9263445272619,390.4790954589844,7435499
2024-07-04,392.0289780327245,393.3965148981146,389.33947056442025,391.1628723144531,9478861
2024-07-05,391.1172932126966,395.67576888063064,389.84091771413347,395.356689453125,13427543
2024-07-08,396.7241904746056,405.29411470865244,395.3566536768295,404.4280090332031,21311436
2024-07-09,408.07479488064865,414.8213465379182,404.79269491641344,412.6332702636719,27489709
2024-07-10,413.6361603295421,415.1404827339749,407.0719599600082,411.5848693847656,12065662
2024-07-11,410.26287723172686,418.9239921454672,409.0776632126487,418.1490478515625,19556596
2024-07-12,418.14905833228465,422.3428593192128,415.5963073929136,418.51373291015625,19693114
2024-07-15,418.5137615167691,425.2603139042144,416.82711619633983,422.4796447753906,16876907
2024-07-16,422.52516465798533,425.53378036576675,420.6561966884638,424.4397277832031,13497253
2024-07-18,422.1149345797316,429.31732238979913,421.7958262702707,428.7247009277344,21907158
2024-07-19,429.40848412543824,437.0667368269077,427.94975694190003,432.6449890136719,25939326
2024-07-22,432.6906158768297,437.1123351198066,424.7132831753787,425.3514709472656,18762384
2024-07-23,425.3514491191427,453.4772470105013,425.21469253973703,448.7364196777344,56125835
2024-07-24,452.2008718247006,465.55721919731405,447.3233168036432,450.4230651855469,43693692
2024-07-25,446.7306858915952,452.20086227300567,441.8531309735649,446.68511962890625,18567567
2024-07-26,450.42308880903994,461.6825218161174,444.36031941248064,457.8534240722656,21534703
2024-07-29,460.8620109629043,461.50019873560984,450.42308858670805,452.2464904785156,12978187
2024-07-30,452.47437734621525,453.8419142238035,445.4999074868191,446.6395263671875,13891052
2024-07-31,448.9643640042543,453.97867557287424,447.1865573764219,451.6082763671875,11982586
2024-08-01,452.155294892808,452.88467297760064,447.59681911064166,450.10400390625,12114803
2024-08-02,441.9898988909283,455.3462174298525,441.9898988909283,445.9101867675781,22141163
2024-08-05,437.6593419676077,448.4629384481495,437.20347706841375,443.08392333984375,25022076
2024-08-06,443.31185723274336,448.28060277815945,441.3061325083515,443.3574523925781,14251363
2024-08-07,446.73070357474273,451.8362055853885,444.99849206153243,449.1466979980469,11320399
2024-08-08,450.3774947823807,454.02426944874264,449.00992900000904,451.0612487792969,21349889
2024-08-09,454.02427391323624,454.02427391323624,449.55695973352357,452.1097106933594,9556181
2024-08-12,448.5541002742936,455.84764972526483,448.5541002742936,450.92449951171875,9425644
2024-08-13,452.15526355477385,453.8875038800431,445.13522751757506,446.7306823730469,8056478
2024-08-14,448.5085016768149,454.93597422607183,446.6395336172972,448.7364196777344,9609981
2024-08-16,450.833335370804,459.67677341741495,449.1466901515516,458.2636413574219,13643352
2024-08-19,460.1782036565068,464.32640951224664,455.4829714833437,457.16961669921875,10591508
2024-08-20,456.7593256186916,458.94740189187496,453.75073880198227,454.75360107421875,6888634
2024-08-21,455.84766424126957,464.0529437527386,454.9815584669918,460.7708435058594,8801221
2024-08-22,463.0044670797505,463.5970596598946,457.16961601684477,459.9958801269531,8686423
2024-08-23,460.45171515256504,462.18392662579055,455.80207815406663,461.135498046875,8195369
2024-08-26,461.31782468341106,463.1412264870548,457.67104997039354,461.0443115234375,8126402
2024-08-27,462.73093528684996,462.77653044282096,455.847627025735,456.3946533203125,8260450
2024-08-28,456.2123437617104,457.94458422323976,452.65675920109425,453.3861083984375,8081932
2024-08-29,454.02427560774544,462.86771368427515,453.4316541292554,460.497314453125,19389694
2024-08-30,457.6254612839912,464.1896905333773,456.0300063539427,457.57989501953125,15523349
2024-09-02,459.49448026617716,467.6085696752679,458.85629248475635,465.0102233886719,16497266
2024-09-03,465.0101951235504,470.3892102248928,463.0500656317912,464.4176025390625,12481552
2024-09-04,455.8476475462073,465.0101939214988,455.8020812824538,461.6369323730469,8739052
2024-09-05,463.4603086443522,466.6968425307686,462.27512346983656,466.05865478515625,11318636
2024-09-06,466.7880172017965,466.7880172017965,453.2493464731528,457.3975524902344,14245025
2024-09-09,457.67105577087847,467.38059970737794,456.16676226622855,466.5600891113281,14265060
2024-09-10,466.6968459549575,469.52308122545986,463.8249866314957,468.2467346191406,11332248
2024-09-11,467.69973107275973,473.6257439602737,466.74243495355415,468.9305114746094,15497555
2024-09-12,469.61425271712204,474.5374027816373,463.6426451989518,473.6257019042969,19085324
2024-09-13,473.6257080193676,474.0815440167886,466.7879946924352,468.4746398925781,9165077
2024-09-16,470.34362273274417,471.3464850740398,464.69112327323506,465.9674987792969,7821668
2024-09-17,465.9218864737128,468.20112423719047,461.5457337870447,462.9132995605469,10889862
2024-09-18,463.0044794093549,467.15268536936793,460.4973235485926,462.5486145019531,5638729
2024-09-19,464.96459551918156,469.34074825372676,462.685357730768,463.369140625,14461616
2024-09-20,466.78799784894,471.6655817468218,463.14122316210313,468.97607421875,24725118
2024-09-23,469.93336635185545,473.580141232498,468.2467499449426,471.3009033203125,8105508
2024-09-24,471.34646193720454,472.07581107793266,468.74814478800965,469.7510070800781,7015487
2024-09-25,469.978932353214,473.44338416672934,467.061506850851,471.847900390625,8802667
2024-09-26,471.93907909068867,477.50044603773256,471.3464864947561,476.5887451171875,16086557
2024-09-27,474.30950915137026,481.83097676370437,474.30950915137026,476.54315185546875,17916386
2024-09-30,474.6285705979751,478.047427263378,468.6569629993216,472.3949279785156,10936940
2024-10-01,472.39490247305895,473.8536007022903,468.61137143493846,470.6170959472656,5285319
2024-10-03,463.6426448944806,470.161249819359,463.2323751658065,467.4717712402344,16481353
2024-10-04,464.9646155648812,471.6656015344404,457.260796130997,459.0841979980469,18930962
2024-10-07,462.2295469719965,469.47753046957075,462.00162895956305,465.14697265625,17114457
2024-10-08,464.964610200732,467.28944322025905,461.317835402975,463.09564208984375,9868331
2024-10-09,464.7822693286866,464.7822693286866,447.2321211477684,448.28057861328125,24874940
2024-10-10,451.60828794604396,451.88180111030306,446.22927276700216,448.5997009277344,13292273
2024-10-11,449.4658135509857,450.3319193215231,444.3603114582125,445.08966064453125,14949380
2024-10-14,447.64240464295625,454.9359830741221,445.4999233829581,453.0669860839844,6970606
2024-10-15,454.024264650634,455.3006401045124,450.83332601593787,454.52569580078125,8347216
2024-10-16,452.2008833474638,454.79922952979206,448.87318798542856,449.64813232421875,6939430
2024-10-17,451.2891822969338,451.2891822969338,444.9073336349127,445.72784423828125,7669729
2024-10-18,445.5910443421621,448.1437951165415,436.1550144021536,443.7220764160156,22616838
2024-10-21,443.72210571019014,444.54264518224113,435.1977471460307,440.9414367675781,7680088
2024-10-22,440.94143646609285,445.27199403454927,438.34309036731116,439.2547912597656,12772970
2024-10-23,438.5254539217694,440.62234002608295,437.15791699336745,437.932861328125,10553961
2024-10-24,439.43715647575334,439.80183106506763,428.4968032192426,430.04669189453125,13596626
2024-10-25,433.78459129154515,449.9216066412517,432.3258930580839,439.71063232421875,32154050
2024-10-28,439.3915531808061,442.9927616367931,433.96697181201,441.39727783203125,8946214
2024-10-29,442.1722173304157,446.00134374693727,438.7989558078247,444.8617248535156,7131161
2024-10-30,444.861729212034,449.6937179905663,443.5397585692342,448.1438293457031,6640080
2024-10-31,448.55411388015784,449.46581481275115,441.89872307707066,445.6366882324219,8111694
2024-11-01,447.6423991695266,448.6452614962307,446.09251052124927,447.00421142578125,1517892
2024-11-04,449.87605007209993,449.87605007209993,437.20348528133655,441.80755615234375,8754385
2024-11-05,440.30326795355165,442.21783124301106,434.8330912542778,437.7961120605469,7610046
2024-11-06,437.7961275415375,441.62525425585875,435.79040275620883,438.61663818359375,11749720
2024-11-07,439.20920454261847,440.0753102371216,434.0581077425567,435.69915771484375,9267980
2024-11-08,435.6991809205033,438.2519318787487,432.69059396011545,435.8359375,6325023
2024-11-11,435.83596174114274,438.98130545597087,432.2347819988186,434.8330993652344,5700343
2024-11-12,435.4257115541998,435.74479098776305,429.545265117447,431.09515380859375,5236095
2024-11-13,428.54240340663677,432.7817708396454,426.9013532883317,430.5025329589844,11548660
2024-11-14,429.59083522023593,431.1862900835361,421.4311513821743,424.8044128417969,12087836
2024-11-18,424.8500397618024,426.49108990461576,421.20326487713623,425.3514709472656,8448573
2024-11-19,426.67340147942747,431.9156308531127,425.0779177527912,426.0807800292969,7121472
2024-11-21,420.2915427797919,423.0722117400087,415.1860408616483,416.7815246582031,20313155
2024-11-22,415.9153768353446,434.4227918075198,415.27718911581206,432.7361755371094,20214206
2024-11-25,436.7020748832458,439.61950063345034,430.684900526477,434.69635009765625,14427013
2024-11-26,437.6137665685303,440.0297610711077,432.2347801116228,434.8786926269531,6791715
2024-11-27,435.33453055318853,437.7049588001279,431.23191962291025,434.8330993652344,7339184
2024-11-28,434.8786745654213,441.0782002838839,428.9982282727063,432.964111328125,14967609
2024-11-29,431.4142229467061,436.6108863385638,430.8671966230568,434.6507568359375,8668142
2024-12-02,433.966980868156,436.9755679077777,431.5965815849029,435.0610046386719,5689595
2024-12-03,424.85001711458597,431.5965690728606,421.886996425715,430.8216247558594,23073942
2024-12-04,432.5082652197201,435.97268813501296,425.2146870249997,425.8528747558594,13957078
2024-12-05,426.26315497287504,431.0039534664892,421.6590841659863,426.2175598144531,27432375
2024-12-06,428.49680007286037,433.009709482812,426.3999139761327,429.5452575683594,7842234
2024-12-09,429.86430754264455,430.3201724154078,422.0693273870647,423.8927001953125,12154116
2024-12-10,424.25741035905713,425.26027264301655,421.75022575488975,424.34857177734375,9163636
2024-12-11,425.94403586168113,426.8557367471317,423.6647980951895,424.1662292480469,7005617
2024-12-12,424.39416334324943,426.5822107292306,418.60487878705237,419.9268493652344,13380617
2024-12-13,419.3798443995844,432.508273854474,411.76718663458706,428.4967956542969,32976794
2024-12-16,428.7247082387903,432.50826838863884,426.67341734781934,428.58795166015625,9354160
2024-12-17,428.4967870668491,433.7846117539849,422.1605049160377,428.0865173339844,20608409
2024-12-18,430.9583919205292,431.9612542626298,425.67053815077026,428.9526672363281,12841386
2024-12-19,427.5851137017342,432.46269786421396,424.2118519899155,425.3514709472656,15161531
2024-12-20,425.3058484782107,426.17198310137036,418.74164832844355,423.6192321777344,20231570
2024-12-23,429.590821673927,435.5168338433801,426.3086928429072,432.3714904785156,19562956
2024-12-24,432.96411751939024,437.84167265770424,430.9127976719345,436.20062255859375,12009880
2024-12-26,438.11519966716565,439.3004137906353,433.9669935764291,434.8330993652344,9188830
2024-12-27,437.38582931183106,439.3459877026604,433.96697258814555,436.3373718261719,16906420
2024-12-30,438.2975495010603,438.93573727333114,433.96699168167027,434.8786926269531,13578360
2024-12-31,436.20060946013535,441.853137660656,432.6449962031207,440.9414367675781,13787501
2025-01-01,443.08393393717887,443.8588782795,439.57391571135923,441.2149658203125,18931186
2025-01-02,442.49133193531964,446.7306992540878,439.7106629516162,445.8645935058594,27131131
2025-01-03,446.9586213713376,447.6424042811121,437.47699542332975,439.0724792480469,38500784
2025-01-06,431.36547703293587,437.18833703154587,417.77878443999913,419.10430908203125,22009958
2025-01-07,421.8027268642203,423.7910283252627,416.7373011331246,417.63677978515625,14294780
2025-01-08,419.43569096537107,428.0042866384456,413.84953291421215,425.63726806640625,13482926
2025-01-09,425.4952737464954,436.1468578467629,422.32346292445044,426.1580505371094,19732649
2025-01-10,426.01601399088287,427.95695766150703,418.96228709118776,421.234619140625,9145729
2025-01-13,411.8612119173213,420.3824783707832,411.8612119173213,415.6957702636719,17799607
2025-01-14,417.54207605782796,418.0154797721792,412.6660235788637,413.3761291503906,18048459
2025-01-15,413.37613709061446,418.2995184778754,412.19262778200317,414.08624267578125,9786805
2025-01-16,414.74900410675934,416.0745576911416,408.1687094723871,409.82562255859375,15774070
2025-01-17,409.96764249427747,418.2995368348359,409.4942387500577,416.78466796875,11270061
2025-01-20,415.6484405775987,417.7314283751026,412.8080184324215,414.4176025390625,8742771
2025-01-21,414.7016486258057,423.2229153783908,412.0979282291825,414.27557373046875,15686500
2025-01-22,416.50058809880306,418.4415606921262,413.32877738816876,413.7548522949219,9619648
2025-01-23,411.8612574711563,418.3468945458208,411.00913651041515,416.78466796875,8888248
2025-01-24,416.0271805454013,421.32930795242055,415.69579216478695,418.11016845703125,9665384
2025-01-27,417.3526892479191,421.3292918750087,413.3287578086634,416.68994140625,10480203
2025-01-28,416.59528541451135,418.2995272971351,411.3878443468299,412.2873229980469,20813072
2025-01-29,412.76071636128813,414.2282563403287,407.221887040512,410.29901123046875,15158510
2025-01-30,409.9676410136649,414.701678438765,408.50010096959244,412.9974365234375,22496695
2025-01-31,413.2814379814617,424.3590963304251,411.9559133750371,423.6963195800781,13546181
2025-02-01,424.16973355524414,446.41970841807506,416.16919912132676,437.9457702636719,30393007
2025-02-03,437.4250476268326,440.4548430642073,428.24100368388565,430.1819763183594,16991730
2025-02-04,433.63782972847304,435.8628331052791,424.87986045993944,430.9394226074219,18923681
2025-02-05,430.9393889625346,431.6021657104411,422.7495106053608,424.3117370605469,12836283
2025-02-06,426.06336046890937,426.06336046890937,414.8910439076552,417.63677978515625,17469129
2025-02-07,416.59528946296075,421.8027305812478,405.6123169619012,407.9320068359375,18875982
2025-02-10,404.2867622150675,410.25163731299205,403.8133585122395,404.47613525390625,12227140
2025-02-11,405.9910391677168,407.64795227119043,395.2921261144242,396.049560546875,14288751
2025-02-12,397.34792371808146,397.97305679084684,392.01021063862936,394.22222900390625,13884574
2025-02-13,394.27031475204564,398.1173234410263,393.35663844827394,394.0298767089844,12989029
2025-02-14,396.0014661827297,400.2812751894459,392.77959046029304,394.558837890625,14124236
2025-02-17,394.12603937418936,395.6648487625189,391.1927069076455,392.9719543457031,11975265
2025-02-18,392.39491018757707,395.1359099155748,388.54790126416947,389.7500915527344,12998403
2025-02-19,389.3172697473528,393.1642784577035,389.02875583421536,390.8560791015625,7079032
2025-02-20,384.65279872265523,388.45170224904115,381.0462280233567,386.6724548339844,15355585
2025-02-21,386.6724764914858,387.8265909200422,383.93150608677536,385.56646728515625,8240986
2025-02-24,384.700874956215,387.97082652327333,383.4986847219768,386.5281982421875,7037625
2025-02-25,386.62438730224534,391.43314833834296,385.1817589914161,389.3653869628906,15760891
2025-02-27,389.3654104380863,390.9522958056036,384.2200299491726,386.2397155761719,19051003
2025-02-28,383.73912917511376,387.10526188717614,377.1992259318174,379.8921203613281,31954776
2025-03-03,380.8057848257319,383.7391172146777,376.23746200174764,382.2484130859375,10702826
2025-03-04,380.2768157418011,382.00798731989397,377.82435936077115,379.74786376953125,13404774
2025-03-05,379.4112349821189,396.9632122658291,379.4112349821189,389.5577087402344,15665018
2025-03-06,393.5009194323491,394.0299007695933,385.22984437591543,390.1828918457031,17869996
2025-03-07,388.11510203965406,390.3271497866334,386.33588388818345,388.45172119140625,11180761
2025-03-10,385.7107105996322,391.2888910064267,385.0855775356017,389.5096435546875,9785018
2025-03-11,386.1435403860541,392.77962524740065,385.8550264422196,390.6637878417969,11099475
2025-03-12,390.85607392496263,397.4921579923581,388.547874599392,396.6265869140625,13844306
2025-03-13,397.2036849356402,398.55013223484355,392.5872858097,396.2900085449219,8196569
2025-03-17,397.20363838043716,400.32933287132437,391.43312547418384,392.3468017578125,5257805
2025-03-18,394.31842149451984,396.1938501173774,392.1544789375377,393.4528503417969,13861897
2025-03-19,394.3184059049263,395.0397200620695,387.20144542451675,387.63421630859375,12830387
2025-03-20,389.50964497469676,391.0965302508203,386.5282072542035,388.49981689453125,16994037
2025-03-21,390.4233291082126,391.9140333230442,386.3358821349048,390.0386047363281,25302035
2025-03-24,391.4331323758087,397.05938842867533,390.08668521067875,395.1839599609375,14362572
2025-03-25,396.2419041658655,399.36759879824183,393.06813366389935,394.12603759765625,20338110
2025-03-26,394.60692684899476,395.47252733324694,390.71184207125464,391.769775390625,13891436
2025-03-27,392.3948763562974,394.99161889585264,390.1347529385877,393.7894287109375,18642328
2025-03-28,395.18398159578936,399.7042287729926,392.5391629889967,394.0779724121094,12981873
2025-04-01,394.1260406660441,398.55010666561213,390.08669902758044,391.0965270996094,15206240
2025-04-02,391.4812500970324,394.31843103609066,390.51949782621267,393.4047546386719,8001323
2025-04-03,391.4812095354885,394.51075235495847,391.1446197558559,393.7413330078125,7059566
2025-04-04,391.91401018990615,397.01128496266676,389.0287536731707,394.0298767089844,18627592
2025-04-07,375.2276160600784,392.49107984083315,375.2276160600784,390.51947021484375,26762866
2025-04-08,396.14571046934793,399.89653803876325,391.6735687769548,396.7708435058594,18600796
2025-04-09,397.20367078899557,403.02226003741157,395.5206043873473,400.37744140625,21785572
2025-04-11,403.9359315444841,406.292236218633,401.05067489059496,405.4266357421875,8939356
2025-04-15,412.78405461806295,412.78405461806295,402.97417047029376,404.32061767578125,11685880
2025-04-16,402.01244544834776,409.754539416005,402.01244544834776,408.21575927734375,13034594
2025-04-17,408.7446879057106,411.48568756526555,405.4266310519838,410.90863037109375,22410217
2025-04-21,411.6780349602343,412.6878924233474,405.3785695227371,406.67694091796875,27388236
2025-04-22,409.6583488347964,418.169832064902,407.3501201449234,417.0157470703125,32031936
2025-04-23,419.5163213012109,420.7185115509847,412.4474367624713,414.3709411621094,19566317
2025-04-24,415.3327035949578,419.372045323511,412.88021781478574,413.6015319824219,26064089
2025-04-25,413.60153406654683,416.1502009519827,407.10970652510946,411.4375915527344,22944377
2025-04-28,410.3315915600767,414.0343435923546,408.5042681552906,412.39935302734375,6287095
2025-04-29,412.49552702272155,413.16876532622075,408.7446991826447,409.7064514160156,11189930
2025-04-30,411.05290860172727,412.88023201920157,405.8594522861451,409.51409912109375,10026546
2025-05-02,407.87911477952554,414.99607520497585,407.87911477952554,413.07257080078125,9263372
2025-05-05,413.7938888263413,421.72834456792714,412.92831770641976,420.2376403808594,11525305
2025-05-06,420.7666029152538,422.834364350939,416.43871785669694,418.89117431640625,15026568
2025-05-07,416.823396791454,418.362206178502,413.2649312686502,414.6594543457031,9710361
2025-05-08,412.59168381124715,414.9960642530376,407.350122708005,414.1304931640625,19937960
2025-05-09,409.6583569091965,412.73594630577514,406.8211762096756,407.3501281738281,8226512
2025-05-12,413.072565475096,419.5163168862086,411.7741941489348,418.84307861328125,8031891
2025-05-13,418.2660177094136,421.1993794721109,409.08129611962823,411.53375244140625,14976369
2025-05-14,410.7643618513902,415.332684705315,409.6102474955229,412.6878662109375,9557309
2025-05-15,412.6878727466996,418.74689983509177,409.7064350721147,416.1020812988281,24263510
2025-05-16,418.26604202592637,419.51633754430964,415.573147502307,419.03546142578125,16402035
2025-05-19,418.362202884726,421.72833555161463,416.10207936688846,418.6988220214844,7543854
2025-05-20,420.28573786333305,423.9403847133091,416.3425477249801,418.26605224609375,9868414
2025-05-21,419.90103464370577,421.4398441006694,415.4769684613164,416.438720703125,5776672
2025-05-22,416.43869651769444,416.43869651769444,406.7249935694986,409.8026123046875,19451749
2025-05-23,417.40046939575757,422.20923056391143,412.59170822760365,419.61248779296875,18536884
2025-05-26,421.48791053602,426.58518556334417,420.0452822056058,425.9600524902344,13107662
2025-05-27,425.9600297748,427.2103252046928,414.37092787863105,417.30426025390625,26986022
2025-05-28,409.12572033536514,413.92513013654184,404.5221871211176,411.57440185546875,431851622
2025-05-29,413.337430183069,414.12099629331436,408.04828421108533,410.1541442871094,21478547
2025-05-30,410.49697001748797,411.4274510468685,407.85238205791916,409.468505859375,30656239
2025-06-02,409.7133679967952,411.8192579553598,406.0403458241328,410.6928405761719,14973380
2025-06-03,410.3990201585084,413.04360813984886,407.1177809642176,408.39111328125,13216486
2025-06-04,408.586978384479,410.39900862513116,407.4116292300163,408.4400634765625,12598933
2025-06-05,409.9092587388879,412.30897842272395,407.2157092489669,410.4969482421875,13212523
2025-06-06,411.67231694542346,412.6517895338172,410.39901453696416,412.40692138671875,8774988
2025-06-09,413.33744096123485,414.9046031137218,411.86823204786555,414.3658752441406,10473123
2025-06-10,415.78612073411426,419.75297282706833,414.3658735007135,418.23480224609375,13041075
2025-06-11,419.2142518774774,419.312205110815,416.12891931968926,417.4022216796875,20789182
2025-06-12,418.2347759328376,418.43068239792314,410.9376935297822,412.3579406738281,18508835
2025-06-13,406.48111231744474,410.7418239308055,405.01190347774315,405.4036865234375,17873926
2025-06-16,406.4321620890675,410.30106087453294,404.7670467340719,409.6154479980469,7006629
2025-06-17,409.5174909056936,410.44797192026425,407.1667626963428,408.83184814453125,9028406
2025-06-18,408.4400661979771,409.86031339660474,406.3831678000489,407.3626403808594,8036215
2025-06-19,407.11778041824044,409.66441515775824,406.2852227295919,407.4606018066406,12601006
2025-06-20,407.46057840418473,410.8887323090276,407.46057840418473,409.9582214355469,13203184
2025-06-23,408.4400574370469,408.9297937169475,403.2978264980913,405.4036865234375,14839890
2025-06-24,408.3421256239387,412.0151479158747,405.25679287693885,405.844482421875,16690068
2025-06-25,407.85236743319786,409.5664444107915,406.5790650634376,407.80340576171875,9946718
2025-06-26,408.635961243395,412.25999175637196,407.70545036119364,411.67230224609375,13703918
2025-06-27,412.3579493645105,413.3374219283217,409.2236252038625,410.0561828613281,21409935
2025-06-30,411.18257641188427,412.1130873177171,407.26468609870335,407.9013671875,12317124
2025-07-01,408.4400629554616,410.25209319380195,406.38316457386264,406.5790710449219,13670465
2025-07-02,408.3421042433258,408.3421042433258,403.2488648665335,404.47320556640625,15990899
2025-07-03,405.5016414226337,407.4605865502793,402.80809187212105,404.864990234375,14185298
2025-07-04,406.383156862037,406.48111009570783,403.2978242937535,404.0813903808594,8256733
2025-07-07,404.52218073930493,408.63597758463175,403.54270814671577,407.6075134277344,6845218
2025-07-08,407.60752214922184,409.5175057020906,406.1383132289018,408.635986328125,6807192
2025-07-09,407.65649685248883,411.6723104890166,406.9218924227146,410.83978271484375,9930533
2025-07-10,411.67231432927395,411.67231432927395,407.8523772370402,408.29315185546875,6220360
2025-07-11,408.44007762067145,409.4685119028319,406.9708687083669,408.2441711425781,8578844
2025-07-14,408.4890354163033,411.3295298660291,407.9992991168515,410.7908020019531,6896989
2025-07-15,412.26001519971453,413.72922411339215,410.3990232206159,413.4353942871094,8532755
2025-07-16,413.43538226908703,416.7166213924788,411.67231368924485,415.8840637207031,9780773
2025-07-17,417.05940633871836,417.1573595734722,414.3168951123935,415.2474060058594,7240795
2025-07-18,416.4717411939595,416.4717411939595,411.4764251990089,414.072021484375,6730256
2025-07-21,413.3374323697135,414.0720368111289,409.8113250726935,411.4764404296875,4822343
2025-07-22,411.47644544690354,411.77027527059994,406.6770356826959,407.4606018066406,9869507
2025-07-23,408.53801949465566,409.32158560296745,405.5016485154682,406.4321594238281,12196187
2025-07-24,407.3136721952123,407.3136721952123,401.04505375648824,401.5347900390625,9005157
2025-07-25,401.58375275125957,401.8286208931811,399.3799394739661,400.9960632324219,5824089
2025-07-28,402.36732868040224,402.41632024466196,400.21250691352043,401.4858093261719,8123337
2025-07-29,401.5837527990323,402.9550084157297,399.62480766342725,400.0655822753906,6811772
2025-07-30,400.60428786940514,400.898117688896,397.4210019633524,399.2330322265625,10915863
2025-07-31,397.61690837848414,405.50165074201533,397.2250954310459,403.4937438964844,19364174
2025-08-01,403.9344853107258,410.74183168633,403.34679578552243,407.9013671875,14324065
2025-08-04,411.57439098396185,413.8271659664987,406.5790748366726,408.29315185546875,18352458
2025-08-05,408.6359688485212,409.37057327725813,404.522172091142,405.6485595703125,8495104
2025-08-06,405.6485541142926,406.4811117672226,402.07348525408406,403.5426940917969,9080543
2025-08-07,403.542701181929,406.2362507650608,403.1998798022133,405.10986328125,11514878
2025-08-08,405.40370450279846,406.82395173394906,404.4732234643995,405.99139404296875,9814361
2025-08-11,405.99138530914485,408.4400667645679,405.5016490180602,408.29315185546875,8514272
2025-08-12,408.44005694659893,411.1825681542966,406.77494164048437,407.80340576171875,13635738
2025-08-13,408.6359804112558,408.92981023461243,405.1098730753178,405.599609375,10874910
2025-08-14,405.74650902132066,406.5300751148795,402.563223193151,403.0039978027344,9580361
2025-08-18,404.5221643400549,405.207807083524,396.5394690122968,397.9596862792969,30950814
2025-08-19,398.00869038492266,400.99606980890684,396.19666012675947,400.7022399902344,16681331
2025-08-20,400.7022224165175,401.82860986020313,397.1271536208501,397.7148132324219,18188129
2025-08-21,397.7148339521601,398.49842996029514,395.07027588892424,397.22509765625,15028966
2025-08-22,397.6658518940437,398.1555881648492,389.34033529035065,390.1239013671875,13087624
2025-08-25,390.8095528920783,392.327723409267,388.1160033420702,391.1523742675781,10440286
2025-08-26,391.1033999896865,397.07818887017044,390.22188062167817,395.0702819824219,13715752
2025-08-28,396.19667011274,396.19667011274,391.78904337477377,392.6705627441406,12471719
2025-08-29,393.74798505781916,402.02454048128317,393.6500318196282,401.3388977050781,25255050
2025-09-01,401.3388884886885,401.77966310485994,396.68639374720885,397.5189514160156,12268090
2025-09-02,398.20457570023547,399.4779080217149,396.14770714215564,398.4004821777344,19808255
2025-09-03,400.114535268611,404.76702986475766,398.9391562562904,403.2978210449219,12936588
2025-09-04,415.24741259106247,418.2347920060821,406.4811210363561,407.3626403808594,27274123
2025-09-05,408.3421103092152,408.4400635448862,396.09870312861307,398.9881591796875,16000675
2025-09-08,399.08612816526716,402.1224693529809,398.44944705384466,399.1840515136719,7419022
2025-09-09,400.1145503991436,402.51427018540727,399.0371245789613,401.6327209472656,8825896
2025-09-10,402.56322964572416,405.2078175633528,400.555322816839,404.5711364746094,9252397
2025-09-11,404.5711451336769,408.1462440335788,403.9834854870758,406.53009033203125,8274406
2025-09-12,406.82393698895356,408.48902241943284,404.37525556960406,405.25677490234375,7803379
2025-09-15,404.5711348581344,405.7954755760093,403.29783246799684,404.1793518066406,5707331
2025-09-16,404.7180704209207,405.8444578774336,403.54269140213233,404.6201171875,8239087
2025-09-17,405.45267306623015,406.08932424399245,399.6737611220478,400.8981018066406,14113882
2025-09-18,402.90605212943706,404.5711375822802,401.68171140331816,403.1019287109375,15647808
2025-09-19,403.101917268776,404.13038138420126,400.55531254363956,402.22039794921875,19505321
2025-09-22,402.2204050878021,402.56322646569487,397.7148252853857,398.59637451171875,8930779
2025-09-23,398.7433075819584,399.7227801970498,393.8459445065011,394.9233703613281,14936357
2025-09-24,394.9233452248436,396.34356249165154,392.4746638429711,392.76849365234375,12380865
2025-09-25,393.209287397003,394.7274579712088,389.83009496908466,391.8869934082031,22006368
2025-09-26,391.8869695711551,397.5678983516164,391.59310987422305,396.7843322753906,14414044
2025-09-29,398.5473763816621,399.6248021696593,394.9233458652918,398.89019775390625,19717660
2025-09-30,398.4004591506758,398.4004591506758,392.1808024887207,393.30718994140625,9465490
2025-10-01,394.0907925326749,397.665861416941,391.5441578852763,397.2740783691406,17643039
2025-10-03,396.58845248171,397.1761420239669,394.04181772601805,396.0007629394531,16987141
2025-10-06,394.7274338215943,395.60895312981853,391.5931097355416,392.52362060546875,13989077
2025-10-07,394.237727666254,394.3356809060124,391.29930982029435,391.5931396484375,12298968
2025-10-08,391.7890270774703,393.5031040709342,389.8300819420829,391.5441589355469,8402463
2025-10-09,390.80955123133737,393.1602793958562,390.7605895598157,391.6910705566406,15656267
2025-10-10,392.22981845621223,395.5600193505022,391.299307520674,394.53155517578125,15085738
2025-10-13,391.78901724913896,392.71952812155763,390.36877010515894,391.0544128417969,9508594
2025-10-14,391.78901770158024,392.6215753424221,388.0670339898672,388.6546936035156,10291102
2025-10-15,389.83007867186035,392.62158144459596,389.0954742522526,391.6910705566406,16043867
2025-10-16,392.7685077269394,397.665870666178,391.3482605181077,396.83331298828125,22962049
2025-10-17,397.0292043259007,405.35472100520315,396.9312510926241,403.6896057128906,21071344
2025-10-20,404.0814001855026,406.3342050500721,402.85705946273583,404.5711364746094,13083621
2025-10-21,405.0119258790611,405.4527005118031,403.88553835121513,404.3752746582031,1142130
2025-10-23,407.46058276503413,411.8192475900064,405.0608630495091,407.41162109375,24305990
2025-10-24,407.411643338511,409.3705885549171,404.96296181800335,408.2441711425781,14935678
2025-10-27,408.4400677633165,414.02307345178554,408.048284707717,412.01513671875,11603679
2025-10-28,411.86822898071654,412.9946164943518,407.3626490350436,409.32159423828125,17163147
2025-10-29,409.61544737952806,413.53333772312516,407.5095574069397,412.9456481933594,11470661
2025-10-30,412.94564712794636,413.04360036450976,407.60750959211543,410.1541442871094,12938674
2025-10-31,411.8682283883677,417.64711075138126,409.615453364337,411.7213134765625,18599864
2025-11-03,411.3295333977877,412.9946188955417,404.816016646247,405.45269775390625,7635440
2025-11-04,405.50163308974254,405.99136936159005,399.96761919609156,400.5063171386719,10085404
2025-11-06,401.58375221673697,404.8159997293463,398.20455990626584,399.13507080078125,10095563
2025-11-07,397.71483508178255,400.70224442999825,394.82540886238485,395.7558898925781,8411611
2025-11-10,395.75588876851964,398.7432981082502,395.3641057100178,397.22509765625,6650003
2025-11-11,397.6658554399186,399.673762211673,396.2945998476621,398.4984130859375,12005318
2025-11-12,399.624797249309,399.7227504817627,397.22507756427666,398.64532470703125,7987236
2025-11-13,398.64534219930255,399.1350784919307,396.1966607361619,397.3720397949219,6617185
2025-11-14,396.3925660411311,400.3594180432725,391.8869861840081,399.771728515625,64020258
2025-11-17,401.3388824449565,403.542695710365,397.6658603359422,398.7432861328125,7855399
2025-11-18,399.8696796229581,401.3878501610938,396.2456191310374,397.5189514160156,7661681
2025-11-19,396.5394760749311,397.2250889394812,394.5315393710832,395.2661437988281,7882450
2025-11-20,395.2661449461201,398.64533728000737,394.97231513062155,397.1271667480469,6693410
2025-11-21,396.68640238950724,400.1145564842314,396.39257256641207,399.4779052734375,5808131
2025-11-24,400.01659174313806,400.4083747930425,394.580530934278,395.2661437988281,11037491
2025-11-25,395.26615093538965,396.1966618504526,391.8869884414304,392.5726013183594,8199785
2025-11-26,392.7685066776832,395.6579627605675,392.71954500487413,394.04180908203125,11443953
2025-11-27,395.21719681053185,397.61691665344256,393.8459411393536,396.0007629394531,8679529
2025-11-28,396.0007438980914,396.68638664627787,394.23770524722676,395.9517822265625,6883500
2025-12-01,394.5315350586607,397.17612292608806,390.025985197311,395.9517822265625,13442658
2025-12-02,395.95179101910213,397.1761317458155,392.27876883896204,392.71954345703125,8093808
2025-12-03,393.45415715794644,393.94389346016385,390.66265425708065,392.2787780761719,10772192
2025-12-04,391.8869716290837,395.26613397807347,390.85850752111554,394.7763977050781,8057989
2025-12-05,394.7763988983853,397.0292036956514,393.7479646784384,396.6374206542969,4419747
2025-12-08,396.6374353457986,396.93126516491554,392.32773205787674,394.04180908203125,6056866
2025-12-09,393.7479852919042,396.19666679247575,391.78904009144696,392.8174743652344,9426717
2025-12-10,392.86645232636994,396.09869983875063,392.7684990915125,394.8743591308594,6969146
2025-12-11,394.8743542225189,395.70691187176226,392.86644744298803,394.6294860839844,6980147
2025-12-12,394.62950473294,395.7069305716336,391.6421252580969,391.8869934082031,12407516
2025-12-15,391.8869873292014,395.07027323120263,391.29929779983655,394.04180908203125,7756564
2025-12-16,393.16027238279855,397.4209839187486,392.81745101487064,393.4541320800781,12347384
2025-12-17,392.76851874327417,394.8254172136723,390.9075267523928,391.5931396484375,8087490
2025-12-18,391.7890335950218,393.69901709025,391.6421186856499,392.1808166503906,7227668
2025-12-19,392.0339082415041,394.38463650382647,392.0339082415041,392.8174743652344,10654835
2025-12-22,393.35619843948285,395.3641052941498,392.96441538139317,394.4336242675781,6847871
2025-12-23,394.2377112153877,400.50632971362984,393.5520684568217,398.9881591796875,10081997
2025-12-24,399.5758645628573,401.09403515706003,397.323059617528,398.2535705566406,5777430
2025-12-26,398.1556179415121,398.7922691629462,395.5600214903535,395.8538513183594,3152453
2025-12-29,395.80487169747335,396.4904845621106,393.2092753640043,394.3356628417969,6647710
2025-12-30,394.7274371230106,395.1682117263742,392.0828492850893,392.376708984375,12340527
2025-12-31,392.8664555965065,395.462051940615,392.62158745289,394.7274475097656,9945109
2026-01-01,394.4336191525785,394.4336191525785,355.2547160290497,356.381103515625,282626710
2026-01-02,352.6101130575833,352.6101130575833,338.1628931475851,342.8643493652344,118790358
2026-01-05,343.0113122216596,346.68433442609853,338.9464770691755,342.5215759277344,48358124
2026-01-06,343.06028462397126,343.50105925874186,330.816876892923,335.42041015625,72582738
2026-01-07,335.9591026893029,337.4772732668689,332.33504210325714,334.2450256347656,29440734
2026-01-08,334.48988067886347,338.06494956001615,332.09016094008854,333.9021911621094,36706319
2026-01-09,333.9022093273418,334.0001625673181,329.20075271979715,330.22918701171875,35193201
2026-01-12,331.306606816801,332.5309475663088,328.9068869913131,331.4535217285156,16156143
2026-01-13,332.0412186059658,332.5309549165941,326.8500256697591,327.8294982910156,24922339
2026-01-14,329.1027892200336,329.1027892200336,326.6051460797269,327.8784484863281,14913422
2026-01-15,327.8784484863281,327.8784484863281,327.8784484863281,327.8784484863281,0
2026-01-16,330.5719932075216,330.5719932075216,321.805701727492,322.4423828125,30526898
